"1","sourc","2010-11-10"
"2","ast","2010-11-10"
"3","friendly","2010-11-10"
"4","visibi","2010-11-10"
"5","project","2010-11-10"
"6","separ","2010-11-10"
"7","type","2010-11-10"
"8","body","2010-11-10"
"9","put","2010-11-10"
"10","space","2010-11-10"
"11","java","2010-11-10"
"12","trim","2010-11-10"
"13","identifi","2010-11-10"
"14","from","2010-11-10"
"15","implement","2010-11-10"
"16","text","2010-11-10"
"17","replac","2010-11-10"
"18","ut","2010-11-10"
"19","all","2010-11-10"
"20","apo","2010-11-10"
"21","creat","2010-11-10"
"22","new","2010-11-10"
"23","static","2010-11-10"
"24","method","2010-11-10"
"25","kind","2010-11-10"
"26","author","2010-11-10"
"27","tree","2010-11-10"
"28","inner","2010-11-10"
"29","enum","2010-11-10"
"30","core","2010-11-10"
"31","delimit","2010-11-10"
"32","node","2010-11-10"
"33","unit","2010-11-10"
"34","extract","2010-11-10"
"35","field","2010-11-10"
"36","privat","2010-11-10"
"37","parser","2010-11-10"
"38","invalid","2010-11-10"
"39","name","2010-11-10"
"40","gustavojss","2010-11-10"
"41","declar","2010-11-10"
"42","option","2010-11-10"
"43","code","2010-11-10"
"44","string","2010-11-10"
"45","line","2010-11-10"
"46","extractor","2010-11-10"
"47","resivion","2010-11-10"
"48","compil","2010-11-10"
"49","out","2010-11-10"
"50","javadoc","2010-11-10"
"51","current","2010-11-10"
"52","interfac","2010-11-10"
"53","file","2010-11-10"
"54","public","2010-11-10"
"55","visiibi","2010-11-10"
"56","param","2010-11-10"
"57","get","2010-11-10"
"58","term","2010-11-10"
"59","end","2010-11-10"
"60","protect","2010-11-10"
"61","class","2010-11-10"
"62","modifi","2010-11-10"
"63","process","2010-11-10"
"64","contain","2010-11-10"
"65","set","2010-11-10"
"66","f","2010-11-10"
"67","start","2010-11-10"
"68","length","2010-11-10"
"69","i","2010-11-10"
"70","abstract","2010-11-10"
"71","encod","2010-11-10"
"72","n","2010-11-10"
"73","duplic","2010-11-10"
"74","equal","2010-11-10"
"75","charact","2010-11-10"
"76","remov","2010-11-10"
"77","char","2010-11-10"
"78","y","2010-11-10"
"79","comment","2010-11-10"
"80","revis","2010-11-10"
"81","entity","2010-11-10"
"82","append","2010-11-10"
"83","com","2010-11-10"
"84","handler","2010-11-10"
"85","stack","2010-11-10"
"86","generica","2010-11-10"
"87","constant","2010-11-10"
"88","reader","2010-11-10"
"89","do","2010-11-10"
"90","empty","2010-11-10"
"91","variabl","2010-11-10"
"92","xml","2010-11-10"
"93","atributo","2010-11-10"
"94","metodo","2010-11-10"
"95","up","2010-11-10"
"96","pacot","2010-11-10"
"97","test","2010-11-10"
"98","gener","2010-11-10"
"99","iter","2010-11-10"
"100","fals","2010-11-10"
"101","exist","2010-11-10"
"102","folder","2010-11-10"
"103","true","2010-11-10"
"104","interna","2010-11-10"
"105","variavel","2010-11-10"
"106","next","2010-11-10"
"107","xmltoxsd","2010-11-10"
"108","valu","2010-11-10"
"109","pars","2010-11-10"
"110","parametro","2010-11-10"
"111","xsd","2010-11-10"
"112","paramet","2010-11-10"
"113","katyusco","2010-11-10"
"114","delet","2010-11-10"
"115","voc","2010-11-10"
"116","error","2010-11-10"
"117","content","2010-11-10"
"118","local","2010-11-10"
"119","result","2010-11-10"
"120","trace","2010-11-10"
"121","assert","2010-11-10"
"122","prop","2010-11-10"
"123","packag","2010-11-10"
"124","key","2010-11-10"
"125","factory","2010-11-10"
"126","e","2010-11-10"
"127","attribut","2010-11-10"
"128","método","2010-11-10"
"129","vxl","2010-11-10"
"130","print","2010-11-10"
"131","r","2010-11-10"
"132","ha","2010-11-10"
"133","xr","2010-11-10"
"134","da","2010-11-10"
"135","return","2010-11-10"
"136","save","2010-11-10"
"137","vocabulary","2010-11-10"
"138","util","2010-11-10"
"139","specifi","2010-11-10"
"140","where","2010-11-10"
"141","close","2010-11-10"
"142","specif","2010-11-10"
"143","array","2010-11-10"
"144","root","2010-11-10"
"145","interrupt","2010-11-10"
"146","model","2010-11-10"
"147","element","2010-11-10"
"148","eclips","2010-11-10"
"149","target","2010-11-10"
"150","fragment","2010-11-10"
"151","throw","2010-11-10"
"152","except","2010-11-10"
"153","pckg","2010-11-10"
"154","invoc","2010-11-10"
"155","namespac","2010-11-10"
"156","id","2010-11-10"
"157","given","2010-11-10"
"158","edit","2010-11-10"
"159","var","2010-11-10"
"160","count","2010-11-10"
"161","loc","2010-11-10"
"162","note","2010-11-10"
"163","locvari","2010-11-10"
"164","perform","2010-11-10"
"165","main","2010-11-10"
"166","path","2010-11-10"
"167","fully","2010-11-10"
"168","which","2010-11-10"
"169","read","2010-11-10"
"170","check","2010-11-10"
"171","substr","2010-11-10"
"172","absolut","2010-11-10"
"173","projeto","2010-11-10"
"174","least","2010-11-10"
"175","directory","2010-11-10"
"176","default","2010-11-10"
"177","println","2010-11-10"
"178","design","2010-11-10"
"179","arg","2010-11-10"
"180","place","2010-11-10"
"181","on","2010-11-10"
"182","defaulthandl","2010-11-10"
"183","properti","2010-11-10"
"184","helper","2010-11-10"
"185","www","2010-11-10"
"186","html","2010-11-10"
"187","api","2010-11-10"
"188","add","2010-11-10"
"189","quickstart","2010-11-10"
"190","extend","2010-11-10"
"191","includ","2010-11-10"
"192","http","2010-11-10"
"193","jenkov","2010-11-10"
"194","entiti","2010-11-10"
"195","htm","2010-11-10"
"196","c","2010-11-10"
"197","org","2010-11-10"
"198","src","2010-11-10"
"199","saxproject","2010-11-10"
"200","tutori","2010-11-10"
"201","sax","2010-11-10"
"202","uri","2010-11-10"
"203","q","2010-11-10"
"204","workspac","2010-11-10"
"205","build","2010-11-10"
"206","red","2010-11-10"
"207","green","2010-11-10"
"208","blue","2010-11-10"
"209","de","2010-11-10"
"210","comentário","2010-11-10"
"211","execut","2010-11-10"
"212","simpl","2010-11-10"
"213","property","2010-11-10"
"214","messag","2010-11-10"
"215","linesepar","2010-11-10"
"216","usag","2010-11-10"
"217","system","2010-11-10"
"256","byte","2010-11-17"
"257","utf","2010-11-17"
"258","wrong","2010-11-17"
"259","finish","2010-11-19"
"260","structur","2010-12-08"
"261","buffer","2010-12-08"
"262","comp","2010-12-08"
"263","ad","2010-12-08"
"264","hierarchy","2010-12-08"
"265","map","2010-12-08"
"266","qualifi","2010-12-08"
"267","ã","2010-12-08"
"268","m","2010-12-08"
"269","todo","2010-12-08"
"275","through","2011-11-16"
"276","valida","2011-11-16"
"277","inform","2011-11-16"
"278","num","2011-11-16"
"279","annot","2011-11-16"
"280","number","2011-11-16"
"281","split","2011-11-16"
"282","us","2011-11-16"
"283","subpart","2011-11-16"
"284","doesn","2011-11-16"
"285","recurs","2011-11-16"
"286","which","2011-11-16"
"287","posit","2011-11-16"
"288","give","2011-11-16"
"289","last","2011-11-16"
"290","melo","2011-11-16"
"291","index","2011-11-16"
"292","brace","2011-11-16"
"293","check","2011-11-16"
"294","fill","2011-11-16"
"295","manag","2011-11-16"
"296","substr","2011-11-16"
"297","couter","2011-11-16"
"298","tercio","2011-11-16"
"299","numero","2011-11-16"
"300","verifi","2011-11-16"
"301","valid","2011-11-16"
"302","how","2011-11-16"
"303","see","2011-11-16"
"304","within","2011-11-16"
"305","calculu","2011-11-16"
"306","linha","2011-11-16"
"307","store","2011-11-16"
"308","counter","2011-11-16"
"309","many","2011-11-16"
"310","int","2011-11-16"
"311","framework","2011-11-16"
"312","analyz","2011-11-16"
"313","open","2011-11-16"
"314","header","2011-11-16"
"315","lo","2011-11-16"
"316","total","2011-11-16"
"317","begin","2011-11-16"
"318","object","2011-11-16"
"319","point","2011-11-16"
"320","undesir","2011-11-16"
"321","subclass","2011-11-16"
"322","primeira","2011-11-16"
"323","size","2011-11-16"
"324","assignatur","2011-11-16"
"325","retorno","2011-11-16"
"326","data","2011-11-16"
"327","lt","2011-11-16"
"328","format","2011-11-16"
"329","declararion","2011-11-16"
"330","list","2011-11-16"
"331","indic","2011-11-16"
"332","belong","2011-11-16"
"333","link","2011-11-16"
"334","every","2011-11-16"
"335","gt","2011-11-16"
"336","assign","2011-11-16"
"337","csv","2011-11-16"
"338","extr","2011-11-16"
"339","h","2011-11-16"
"340","o","2011-11-16"
"402","sum","2011-11-17"
"403","decl","2011-11-23"
"404","final","2011-11-23"
"406","only","2011-12-05"
"407","physic","2011-12-05"
"408","load","2011-12-05"
"409","rang","2011-12-05"
"410","init","2011-12-05"
"411","numb","2011-12-05"
"412","after","2011-12-05"
"413","befor","2011-12-05"
"414","argument","2011-12-05"
"415","entit","2011-12-05"
"416","you","2011-12-05"
"417","veloc","2011-12-05"
"418","must","2011-12-05"
"419","turn","2011-12-05"
"420","se","2011-12-05"
"421","more","2011-12-05"
"422","follow","2011-12-05"
"437","limit","2012-01-06"
"438","enumeracao","2012-01-06"
"439","nada","2012-01-06"
"440","viva","2012-01-06"
"441","ainda","2012-01-06"
"442","ao","2012-01-06"
"443","lado","2012-01-06"
"444","na","2012-01-06"
"445","essa","2012-01-06"
"446","esta","2012-01-06"
"447","faz","2012-01-06"
"448","font","2012-01-06"
"449","agua","2012-01-06"
"450","comm","2012-01-06"
"451","locc","2012-01-06"
"452","scope","2012-01-06"
"453","ount","2012-01-06"
"454","per","2012-01-06"
"455","coisa","2012-01-06"
"456","love","2012-01-06"
"457","don","2012-01-06"
"458","mommy","2012-01-06"
"459","gotcha","2012-01-06"
"460","natur","2012-01-06"
"461","tell","2012-01-06"
"462","pleas","2012-01-06"
"463","mom","2012-01-06"
"464","got","2012-01-06"
"465","down","2012-01-06"
"466","mwaahaha","2012-01-06"
"467","mother","2012-01-06"
"468","outro","2012-01-06"
"469","oh","2012-01-06"
"470","sit","2012-01-06"
"471","worry","2012-01-06"
"472","someth","2012-01-06"
"473","it","2012-01-06"
"474","look","2012-01-06"
"475","blank","2012-01-06"
"476","cnt","2012-01-06"
"477","insid","2012-01-06"
"478","die","2012-01-06"
"479","hi","2012-01-06"
"480","olha","2012-01-06"
"481","dentro","2012-01-06"
"482","ae","2012-01-06"
"483","bloco","2012-01-06"
"484","idea","2012-01-06"
"485","um","2012-01-06"
"486","man","2012-01-06"
"487","keeper","2012-01-06"
"500","constructor","2012-01-11"
"501","delimit","2012-01-11"
"502","rang","2012-01-11"
"503","csv","2012-01-11"
"504","boolean","2012-01-11"
"505","thu","2012-01-11"
"506","extens","2012-01-11"
"507","whole","2012-01-11"
"508","analysi","2012-01-11"
"509","when","2012-01-11"
"510","space","2012-01-11"
"511","tab","2012-01-11"
"512","entir","2012-01-11"
"513","than","2012-01-11"
"514","backward","2012-01-11"
"515","written","2012-01-11"
"516","analisi","2012-01-11"
"517","case","2012-01-11"
"518","goal","2012-01-11"
"519","repres","2012-01-11"
"520","doe","2012-01-11"
"521","other","2012-01-11"
"522","comput","2012-01-11"
"523","search","2012-01-11"
"524","known","2012-01-11"
"525","locat","2012-01-11"
"526","scopo","2012-01-11"
"527","b","2012-01-11"
"528","forward","2012-01-11"
"529","well","2012-01-11"
"530","until","2012-01-11"
"531","understood","2012-01-11"
"532","mark","2012-01-11"
"533","algorithm","2012-01-11"
"534","them","2012-01-11"
"535","come","2012-01-11"
"536","be","2012-01-11"
"537","defin","2012-01-11"
"538","piec","2012-01-11"
"539","receiv","2012-01-11"
"540","bidimension","2012-01-11"
"541","like","2012-01-11"
"542","occupi","2012-01-11"
"543","also","2012-01-11"
"544","kept","2012-01-11"
"545","any","2012-01-11"
"563","manner","2012-01-16"
"564","constrain","2012-01-16"
"565","metric","2012-01-16"
"566","aux","2012-01-16"
"567","dir","2012-01-16"
"568","annotatino","2012-01-16"
"569","on","2012-01-16"
"570","multipl","2012-01-16"
"571","format","2012-01-16"
"572","countless","2012-01-16"
"573","qwertyuiopasdfghjklzxcvbnm","2012-01-16"
"574","letter","2012-01-16"
"575","part","2012-01-16"
"578","isn","2012-01-18"
"579","tell","2012-01-18"
"580","about","2012-01-18"
"581","extern","2012-01-18"
"582","desir","2012-01-18"
"583","provid","2012-01-18"
"584","need","2012-01-18"
"585","accont","2012-01-18"
"586","keep","2012-01-18"
"587","base","2012-01-18"
"588","complex","2012-01-18"
"589","jvm","2012-01-18"
"590","pass","2012-01-18"
"591","configur","2012-01-18"
"592","select","2012-01-18"
"593","might","2012-01-18"
"594","subtract","2012-01-18"
"595","each","2012-01-18"
"596","respons","2012-01-18"
"597","necessary","2012-01-18"
"598","represent","2012-01-18"
"599","tha","2012-01-18"
"600","convert","2012-01-18"
"601","program","2012-01-18"
"602","output","2012-01-18"
"603","possess","2012-01-18"
"604","pack","2012-01-18"
"605","version","2012-01-18"
"606","increment","2012-01-18"
"607","l","2012-01-18"
"608","concaten","2012-01-18"
"609","vx","2012-01-18"
"610","paremet","2012-01-18"
"611","relat","2012-01-18"
"641","uncount","2012-01-19"
"642","correspond","2012-01-19"
"643","javacod","2012-01-19"
"644","etc","2012-01-19"
"645","rel","2012-01-19"
"646","those","2012-01-19"
"647","countabl","2012-01-19"
"648","import","2012-01-19"
"649","manual","2012-01-19"
"650","annotaiont","2012-01-19"
"651","plu","2012-01-19"
"652","complet","2012-01-19"
"653","retun","2012-01-19"
"654","blanklin","2012-01-19"
"655","compar","2012-01-19"
"656","over","2012-01-19"
"672","de","2012-01-30"
"673","sourc","2012-01-30"
"674","select","2012-01-30"
"675","inform","2012-01-30"
"676","receiv","2012-01-30"
"677","decl","2012-01-30"
"678","manner","2012-01-30"
"679","annot","2012-01-30"
"680","type","2012-01-30"
"681","body","2012-01-30"
"682","specif","2012-01-30"
"683","number","2012-01-30"
"684","java","2012-01-30"
"685","identifi","2012-01-30"
"686","limit","2012-01-30"
"687","per","2012-01-30"
"688","doesn","2012-01-30"
"689","which","2012-01-30"
"690","all","2012-01-30"
"691","apo","2012-01-30"
"692","given","2012-01-30"
"693","creat","2012-01-30"
"694","posit","2012-01-30"
"695","comm","2012-01-30"
"696","method","2012-01-30"
"697","author","2012-01-30"
"698","might","2012-01-30"
"699","gener","2012-01-30"
"700","subtract","2012-01-30"
"701","count","2012-01-30"
"702","melo","2012-01-30"
"703","constructor","2012-01-30"
"704","index","2012-01-30"
"705","constrain","2012-01-30"
"706","list","2012-01-30"
"707","inner","2012-01-30"
"708","manag","2012-01-30"
"709","enum","2012-01-30"
"710","each","2012-01-30"
"711","delimit","2012-01-30"
"712","extract","2012-01-30"
"713","includ","2012-01-30"
"714","name","2012-01-30"
"715","declar","2012-01-30"
"716","physic","2012-01-30"
"717","begin","2012-01-30"
"718","tercio","2012-01-30"
"719","loc","2012-01-30"
"720","indic","2012-01-30"
"721","code","2012-01-30"
"722","belong","2012-01-30"
"723","string","2012-01-30"
"724","line","2012-01-30"
"725","verifi","2012-01-30"
"726","sum","2012-01-30"
"727","respons","2012-01-30"
"728","entiti","2012-01-30"
"729","valid","2012-01-30"
"730","javadoc","2012-01-30"
"731","default","2012-01-30"
"732","println","2012-01-30"
"733","file","2012-01-30"
"734","interfac","2012-01-30"
"735","param","2012-01-30"
"736","array","2012-01-30"
"737","locat","2012-01-30"
"738","get","2012-01-30"
"739","scope","2012-01-30"
"740","end","2012-01-30"
"741","class","2012-01-30"
"742","provid","2012-01-30"
"743","contain","2012-01-30"
"744","necessary","2012-01-30"
"745","within","2012-01-30"
"746","start","2012-01-30"
"747","length","2012-01-30"
"748","i","2012-01-30"
"749","abstract","2012-01-30"
"750","any","2012-01-30"
"751","insid","2012-01-30"
"752","retorno","2012-01-30"
"753","metric","2012-01-30"
"754","analyz","2012-01-30"
"755","comment","2012-01-30"
"756","entity","2012-01-30"
"757","return","2012-01-30"
"758","represent","2012-01-30"
"759","stack","2012-01-30"
"760","lo","2012-01-30"
"761","constant","2012-01-30"
"762","project","2012-01-30"
"763","namespac","2012-01-30"
"764","visibi","2012-01-30"
"765","separ","2012-01-30"
"766","variabl","2012-01-30"
"767","specifi","2012-01-30"
"768","from","2012-01-30"
"769","implement","2012-01-30"
"770","id","2012-01-30"
"771","buffer","2012-01-30"
"772","ut","2012-01-30"
"773","new","2012-01-30"
"774","var","2012-01-30"
"775","byte","2012-01-30"
"776","utf","2012-01-30"
"777","unit","2012-01-30"
"778","field","2012-01-30"
"779","gustavojss","2012-01-30"
"780","header","2012-01-30"
"781","note","2012-01-30"
"782","paramet","2012-01-30"
"783","extractor","2012-01-30"
"784","compil","2012-01-30"
"785","local","2012-01-30"
"786","content","2012-01-30"
"787","total","2012-01-30"
"788","trace","2012-01-30"
"789","vocabulary","2012-01-30"
"790","locvari","2012-01-30"
"791","term","2012-01-30"
"792","packag","2012-01-30"
"793","c","2012-01-30"
"794","e","2012-01-30"
"795","f","2012-01-30"
"796","perform","2012-01-30"
"797","encod","2012-01-30"
"798","n","2012-01-30"
"799","wrong","2012-01-30"
"800","print","2012-01-30"
"801","revis","2012-01-30"
"802","append","2012-01-30"
"803","ast","2012-01-30"
"804","blank","2012-01-30"
"805","aux","2012-01-30"
"806","dir","2012-01-30"
"807","put","2012-01-30"
"808","assert","2012-01-30"
"809","simpl","2012-01-30"
"810","complex","2012-01-30"
"811","set","2012-01-30"
"812","read","2012-01-30"
"813","test","2012-01-30"
"814","kind","2012-01-30"
"815","tree","2012-01-30"
"816","format","2012-01-30"
"817","counter","2012-01-30"
"818","core","2012-01-30"
"819","parser","2012-01-30"
"820","char","2012-01-30"
"821","true","2012-01-30"
"822","option","2012-01-30"
"823","rang","2012-01-30"
"824","main","2012-01-30"
"825","path","2012-01-30"
"826","structur","2012-01-30"
"827","fully","2012-01-30"
"828","add","2012-01-30"
"829","comp","2012-01-30"
"830","ad","2012-01-30"
"831","hierarchy","2012-01-30"
"832","absolut","2012-01-30"
"833","folder","2012-01-30"
"834","projeto","2012-01-30"
"835","util","2012-01-30"
"836","pckg","2012-01-30"
"837","save","2012-01-30"
"838","directory","2012-01-30"
"839","design","2012-01-30"
"840","arg","2012-01-30"
"841","map","2012-01-30"
"842","key","2012-01-30"
"843","vxl","2012-01-30"
"844","qualifi","2012-01-30"
"845","out","2012-01-30"
"846","where","2012-01-30"
"847","close","2012-01-30"
"848","valida","2012-01-30"
"849","about","2012-01-30"
"850","convert","2012-01-30"
"851","program","2012-01-30"
"852","output","2012-01-30"
"853","model","2012-01-30"
"854","primeira","2012-01-30"
"855","possess","2012-01-30"
"856","pack","2012-01-30"
"857","version","2012-01-30"
"858","node","2012-01-30"
"859","size","2012-01-30"
"860","other","2012-01-30"
"861","numero","2012-01-30"
"862","parametro","2012-01-30"
"863","increment","2012-01-30"
"864","resivion","2012-01-30"
"865","result","2012-01-30"
"866","visiibi","2012-01-30"
"867","assignatur","2012-01-30"
"868","protect","2012-01-30"
"869","store","2012-01-30"
"870","tha","2012-01-30"
"871","l","2012-01-30"
"872","y","2012-01-30"
"873","concaten","2012-01-30"
"874","data","2012-01-30"
"875","friendly","2012-01-30"
"876","tell","2012-01-30"
"877","lt","2012-01-30"
"878","extern","2012-01-30"
"879","do","2012-01-30"
"880","replac","2012-01-30"
"881","keeper","2012-01-30"
"882","declararion","2012-01-30"
"883","check","2012-01-30"
"884","privat","2012-01-30"
"885","keep","2012-01-30"
"886","vx","2012-01-30"
"887","part","2012-01-30"
"888","link","2012-01-30"
"889","paremet","2012-01-30"
"890","point","2012-01-30"
"891","public","2012-01-30"
"892","every","2012-01-30"
"893","modifi","2012-01-30"
"894","process","2012-01-30"
"895","gt","2012-01-30"
"896","well","2012-01-30"
"897","relat","2012-01-30"
"898","assign","2012-01-30"
"899","com","2012-01-30"
"900","handler","2012-01-30"
"901","reader","2012-01-30"
"902","defaulthandl","2012-01-30"
"903","properti","2012-01-30"
"904","helper","2012-01-30"
"905","xml","2012-01-30"
"906","www","2012-01-30"
"907","html","2012-01-30"
"908","api","2012-01-30"
"909","element","2012-01-30"
"910","eclips","2012-01-30"
"911","quickstart","2012-01-30"
"912","extend","2012-01-30"
"913","http","2012-01-30"
"914","jenkov","2012-01-30"
"915","valu","2012-01-30"
"916","pars","2012-01-30"
"917","error","2012-01-30"
"918","prop","2012-01-30"
"919","htm","2012-01-30"
"920","factory","2012-01-30"
"921","org","2012-01-30"
"922","src","2012-01-30"
"923","saxproject","2012-01-30"
"924","attribut","2012-01-30"
"925","tutori","2012-01-30"
"926","sax","2012-01-30"
"927","uri","2012-01-30"
"928","equal","2012-01-30"
"929","q","2012-01-30"
"930","workspac","2012-01-30"
"931","r","2012-01-30"
"932","build","2012-01-30"
"933","xr","2012-01-30"
"934","trim","2012-01-30"
"935","text","2012-01-30"
"936","us","2012-01-30"
"937","substr","2012-01-30"
"938","invalid","2012-01-30"
"939","object","2012-01-30"
"940","current","2012-01-30"
"941","undesir","2012-01-30"
"942","charact","2012-01-30"
"943","remov","2012-01-30"
"944","subclass","2012-01-30"
"945","through","2012-01-30"
"946","argument","2012-01-30"
"947","entit","2012-01-30"
"948","only","2012-01-30"
"949","property","2012-01-30"
"950","finish","2012-01-30"
"951","you","2012-01-30"
"952","linesepar","2012-01-30"
"953","veloc","2012-01-30"
"954","jvm","2012-01-30"
"955","pass","2012-01-30"
"956","system","2012-01-30"
"957","configur","2012-01-30"
"958","must","2012-01-30"
"959","turn","2012-01-30"
"960","voc","2012-01-30"
"961","se","2012-01-30"
"962","execut","2012-01-30"
"963","load","2012-01-30"
"964","messag","2012-01-30"
"965","extr","2012-01-30"
"966","more","2012-01-30"
"967","follow","2012-01-30"
"968","o","2012-01-30"
"969","usag","2012-01-30"
"970","framework","2012-01-30"
"971","ha","2012-01-30"
"972","base","2012-01-30"
"973","be","2012-01-30"
"974","isn","2012-01-30"
"975","desir","2012-01-30"
"976","need","2012-01-30"
"977","accont","2012-01-30"
"978","doe","2012-01-30"
"979","generica","2012-01-30"
"980","csv","2012-01-30"
"981","empty","2012-01-30"
"982","atributo","2012-01-30"
"983","metodo","2012-01-30"
"984","up","2012-01-30"
"985","pacot","2012-01-30"
"986","static","2012-01-30"
"987","iter","2012-01-30"
"988","fals","2012-01-30"
"989","exist","2012-01-30"
"990","interna","2012-01-30"
"991","variavel","2012-01-30"
"992","next","2012-01-30"
"993","xmltoxsd","2012-01-30"
"994","xsd","2012-01-30"
"995","katyusco","2012-01-30"
"996","delet","2012-01-30"
"997","método","2012-01-30"
"998","boolean","2012-01-30"
"999","da","2012-01-30"
"1000","root","2012-01-30"
"1001","interrupt","2012-01-30"
"1002","target","2012-01-30"
"1003","fragment","2012-01-30"
"1004","throw","2012-01-30"
"1005","except","2012-01-30"
"1006","invoc","2012-01-30"
"1007","extens","2012-01-30"
"1008","analysi","2012-01-30"
"1009","qwertyuiopasdfghjklzxcvbnm","2012-01-30"
"1010","algorithm","2012-01-30"
"1011","them","2012-01-30"
"1012","come","2012-01-30"
"1013","befor","2012-01-30"
"1014","letter","2012-01-30"
"1015","how","2012-01-30"
"1016","search","2012-01-30"
"1017","defin","2012-01-30"
"1018","after","2012-01-30"
"1019","piec","2012-01-30"
"1020","forward","2012-01-30"
"1021","cnt","2012-01-30"
"1022","many","2012-01-30"
"1023","open","2012-01-30"
"1024","space","2012-01-30"
"1025","tab","2012-01-30"
"1026","bidimension","2012-01-30"
"1027","like","2012-01-30"
"1028","repres","2012-01-30"
"1029","occupi","2012-01-30"
"1030","comput","2012-01-30"
"1031","also","2012-01-30"
"1032","kept","2012-01-30"
"1033","int","2012-01-30"
"1034","until","2012-01-30"
"1035","annotatino","2012-01-30"
"1036","on","2012-01-30"
"1037","multipl","2012-01-30"
"1038","countless","2012-01-30"
"1039","thu","2012-01-30"
"1040","whole","2012-01-30"
"1041","when","2012-01-30"
"1042","entir","2012-01-30"
"1043","than","2012-01-30"
"1044","backward","2012-01-30"
"1045","written","2012-01-30"
"1046","analisi","2012-01-30"
"1047","case","2012-01-30"
"1048","goal","2012-01-30"
"1049","numb","2012-01-30"
"1050","final","2012-01-30"
"1051","known","2012-01-30"
"1052","scopo","2012-01-30"
"1053","b","2012-01-30"
"1054","understood","2012-01-30"
"1055","mark","2012-01-30"
"1183","comentário","2012-02-07"
"1184","olha","2012-02-07"
"1185","dentro","2012-02-07"
"1186","green","2012-02-07"
"1187","ae","2012-02-07"
"1188","bloco","2012-02-07"
"1189","linha","2012-02-07"
"1190","comentario","2012-02-07"
"1191","red","2012-02-07"
"1192","blue","2012-02-07"
"1193","um","2012-02-07"
"1194","enumeracao","2012-02-07"
"1195","na","2012-02-07"
"1196","nada","2012-02-07"
"1197","essa","2012-02-07"
"1198","esta","2012-02-07"
"1199","num","2012-02-07"
"1200","viva","2012-02-07"
"1201","ainda","2012-02-07"
"1202","faz","2012-02-07"
"1203","font","2012-02-07"
"1204","agua","2012-02-07"
"1205","coisa","2012-02-07"
"1214","split","2012-02-08"
"1215","feed","2012-02-15"
"1216","form","2012-02-15"
"1218","import","2012-03-07"
"1219","overload","2012-07-13"
"1220","increas","2012-07-13"
"1221","onc","2012-07-13"
"1222","better","2012-07-13"
"1226","prefix","2012-07-16"
"1227","last","2012-07-16"
"1229","ap","2012-08-06"
"1230","catharin","2012-08-06"
"1231","d","2012-08-06"
"1232","m","2012-08-06"
"1233","fiel","2012-08-06"
"1234","splab","2012-08-06"
"1235","vloccount","2012-08-06"
"1236","enu","2012-08-06"
"1237","locvariabl","2012-08-06"
"1238","cla","2012-08-06"
"1239","nam","2012-08-06"
"1240","date","2012-08-06"
"1241","tool","2012-08-06"
"1242","metho","2012-08-06"
"1243","quintan","2012-08-06"
"1244","caught","2012-08-07"
"1245","toda","2012-08-07"
"1246","compon","2012-08-07"
"1247","happen","2012-08-07"
"1248","seleciona","2012-08-07"
"1249","hold","2012-08-07"
"1250","info","2012-08-07"
"1251","initi","2012-08-07"
"1252","entr","2012-08-07"
"1253","associ","2012-08-07"
"1254","bound","2012-08-07"
"1255","subfold","2012-08-07"
"1256","qualquer","2012-08-07"
"1257","refer","2012-08-07"
"1258","entidad","2012-08-07"
"1259","localizado","2012-08-07"
"1260","between","2012-08-07"
"1261","integ","2012-08-07"
"1262","don","2012-08-07"
"1263","dot","2012-08-07"
"1264","jv","2012-08-07"
"1265","have","2012-08-07"
"1266","verify","2012-08-07"
"1267","copy","2012-08-07"
"1268","vacanc","2012-08-07"
"1269","suffix","2012-08-07"
"1270","ma","2012-08-07"
"1271","find","2012-08-07"
"1272","should","2012-08-07"
"1273","depoi","2012-08-07"
"1274","corpo","2012-08-07"
"1275","null","2012-08-07"
"1276","encapsulamento","2012-08-07"
"1277","here","2012-08-07"
"1278","os","2012-08-07"
"1279","ant","2012-08-07"
"1280","enumer","2012-08-07"
"1281","mean","2012-08-07"
"1282","slash","2012-08-07"
"1307","sejam","2012-08-09"
"1308","temporary","2012-08-09"
"1309","beginnig","2012-08-09"
"1310","branco","2012-08-09"
"1311","acontec","2012-08-09"
"1312","ocupa","2012-08-09"
"1313","testa","2012-08-09"
"1314","eh","2012-08-09"
"1315","em","2012-08-09"
"1316","uma","2012-08-09"
"1317","valido","2012-08-09"
"1318","contabilizado","2012-08-09"
"1319","codigo","2012-08-09"
"1320","present","2012-08-09"
"1321","evitar","2012-08-09"
"1322","plu","2012-08-09"
"1323","retirando","2012-08-09"
"1324","so","2012-08-09"
"1325","situacao","2012-08-09"
"1326","que","2012-08-09"
"1327","we","2012-08-09"
"1328","quando","2012-08-09"
"1329","tipo","2012-08-09"
"1330","contendo","2012-08-09"
"1331","filenam","2012-08-09"
"1332","como","2012-08-09"
"1333","consid","2012-08-09"
"1334","commen","2012-08-09"
"1335","para","2012-08-09"
"1336","temo","2012-08-09"
"1337","unica","2012-08-09"
"1338","lvar","2012-08-13"
"1339","intfc","2012-08-13"
"1340","mth","2012-08-13"
"1341","ab","2012-08-13"
"1342","meth","2012-08-13"
"1343","jdoc","2012-08-13"
"1344","access","2012-08-13"
"1345","const","2012-08-13"
"1346","pkg","2012-08-13"
"1347","sloc","2012-08-13"
"1348","inn","2012-08-13"
"1353","prot","2012-08-14"
"1354","priv","2012-08-14"
"1355","pub","2012-08-14"
"1356","nameth","2012-08-17"
"1357","unset","2012-08-17"
"1358","revisionth","2012-08-17"
"1359","activ","2012-08-17"
"1360","some","2012-08-17"
"1361","insert","2012-08-17"
"1362","requir","2012-08-17"
"1363","manual","2012-08-17"
"1364","iah","2012-08-17"
"1365","h","2012-08-17"
"1366","cs","2012-08-17"
"1367","p","2012-08-17"
"1368","help","2012-08-17"
"1369","pathth","2012-08-17"
"1370","v","2012-08-17"
"1371","exampl","2012-08-17"
"1387","previous","2012-08-19"
"1388","extrat","2012-08-19"
"1390","mod","2012-10-08"
"1391","processor","2012-10-08"
"1392","signatur","2012-10-08"
"1393","reset","2012-10-08"
"1394","linker","2012-10-08"
"1395","browser","2012-10-08"
"1396","brows","2012-10-08"
"1397","directori","2012-10-08"
"1398","runner","2012-10-08"
"1399","cntt","2012-10-08"
"1400","tag","2012-10-08"
"1405","construtor","2012-10-15"
"1406","express","2012-10-15"
"1407","label","2012-10-15"
"1408","while","2012-10-15"
"1409","switch","2012-10-15"
"1410","synchron","2012-10-15"
"1411","statement","2012-10-15"
"1412","try","2012-10-15"
"1413","block","2012-10-15"
"1414","xmlresult","2012-10-15"
"1415","csvresult","2012-10-15"
"1420","msg","2012-10-24"
"1421","claus","2012-10-24"
"1422","declart","2012-10-24"
"1423","catch","2012-10-24"
"1424","exp","2012-10-24"
"1425","initi","2012-10-24"
"1426","els","2012-10-24"
"1427","singl","2012-10-24"
"1428","continu","2012-10-24"
"1429","lst","2012-10-24"
"1430","smp","2012-10-24"
"1431","super","2012-10-24"
"1432","inv","2012-10-24"
"1433","extrac","2012-10-24"
"1434","terminar","2012-10-24"
"1435","analisar","2012-10-24"
"1436","liter","2012-10-24"
"1437","infix","2012-10-24"
"1438","left","2012-10-24"
"1439","primit","2012-10-24"
"1440","parenthes","2012-10-24"
"1441","postfix","2012-10-24"
"1442","creation","2012-10-24"
"1443","hand","2012-10-24"
"1444","side","2012-10-24"
"1445","right","2012-10-24"
"1446","rigtht","2012-10-24"
"1447","todo","2012-10-24"
"1448","oper","2012-10-24"
"1449","operand","2012-10-24"
"1450","instanc","2012-10-24"
"1451","should","2012-10-25"
"1452","octob","2012-10-25"
"1453","present","2012-10-25"
"1454","make","2012-10-25"
"1455","compound","2012-10-25"
"1456","expressin","2012-10-25"
"1457","expressio","2012-10-25"
"1458","cast","2012-10-25"
"1459","litera","2012-10-25"
"1460","infomart","2012-10-25"
"1461","long","2012-10-25"
"1462","invocatio","2012-10-25"
"1463","x","2012-10-25"
"1464","acc","2012-10-25"
"1465","typ","2012-10-25"
"1466","float","2012-10-25"
"1467","correctly","2012-10-25"
"1468","won","2012-10-25"
"1469","discov","2012-10-25"
"1470","doubl","2012-10-25"
"1471","void","2012-10-25"
"1472","idnetifi","2012-10-25"
"1473","od","2012-10-25"
"1474","supe","2012-10-25"
"1475","abou","2012-10-25"
"1476","instanceof","2012-10-25"
"1477","condit","2012-10-25"
"1478","prefi","2012-10-25"
"1479","short","2012-10-25"
"1482","tipo","2012-11-13"
"1483","nao","2012-11-13"
"1484","por","2012-11-13"
"1485","primitivo","2012-11-13"
"1486","nela","2012-11-13"
"1487","extrai","2012-11-13"
"1488","xxx","2012-11-13"
"1489","ess","2012-11-13"
"1490","chamada","2012-11-13"
"1491","utilizar","2012-11-13"
"1492","marcaco","2012-11-13"
"1493","captura","2012-11-13"
"1494","null","2012-11-13"
"1495","para","2012-11-13"
"1496","deve","2012-11-13"
"1497","procurar","2012-11-13"
"1513","occurr","2012-11-22"
"1514","lit","2012-11-22"
"1515","mthinv","2012-11-22"
"1516","novemb","2012-11-23"
"1517","clear","2012-11-23"
"1518","updat","2012-11-23"
"1519","statemtn","2012-11-23"
"1520","break","2012-11-23"
"1521","intern","2012-11-23"
"1523","normal","2012-11-30"
"1524","escap","2012-11-30"
"1526","exit","2012-12-03"
"1527","input","2012-12-03"
"1529","separato","2013-06-05"
"1530","void","2013-06-05"
"1531","frequenc","2013-06-05"
"1532","lineseparato","2013-06-05"
"1533","respectiv","2013-06-05"
"1536","suit","2013-12-17"
"1537","sinc","2014-01-30"
"1538","executávei","2014-01-30"
"1539","todo","2014-01-30"
"1540","passar","2014-01-30"
"1541","window","2014-01-30"
"1542","ajustar","2014-01-30"
"1543","serem","2014-01-30"
"1544","também","2014-01-30"
"1545","para","2014-01-30"
"1546","os","2014-01-30"
"1547","stat","2014-01-30"
"1548","otherwis","2014-01-30"
"1549","call","2014-01-30"
"1550","xl","2014-01-30"
"1551","executado","2014-01-30"
"1552","consertar","2014-01-30"
"1553","executável","2014-01-30"
"1554","ser","2014-01-30"
"1555","give","2014-01-30"
"1556","quot","2014-01-30"
"1557","hierarqui","2014-01-30"
"1558","have","2014-01-30"
"1559","find","2014-01-30"
"1560","back","2014-01-30"
"1561","softwar","2014-01-30"
"1562","santo","2014-01-30"
"1568","jv","2014-02-06"
"1569","projetc","2014-07-16"
"1570","measur","2015-03-09"
"1571","calc","2015-03-09"
"1572","msr","2015-03-09"
"1573","memory","2015-03-09"
"1574","calcul","2015-03-09"
"1575","enabl","2015-03-09"
"1577","runtim","2016-09-20"
"1578","utilizada","2016-09-20"
"1579","ativo","2016-09-20"
"1580","ria","2016-09-20"
"1581","mem","2016-09-20"
"1582","gc","2016-09-20"
"1583","free","2016-09-20"
"1584","kbyte","2016-09-20"
"1585","avail","2016-09-20"
"1586","processador","2016-09-20"
"1587","max","2016-09-20"
"1588","mero","2016-09-20"
"1589","em","2016-09-20"
"1590","ximo","2016-09-20"
"1591","megabyt","2016-09-20"
"1592","ifpb","2016-09-20"
