"1","/VocabularyExtractor/src/:extractor.SourceCodeTermExtractor","2010-11-10"
"2","/VocabularyExtractor/tests/:test.JavaFolderTermExtractorTest","2010-11-10"
"3","/VocabularyExtractor/src/:util.FileUtil","2010-11-10"
"4","/VocabularyExtractor/src/:extractor.ASTTermExtractor","2010-11-10"
"5","/VocabularyExtractor/src/:extractor.ProjectTermExtractor","2010-11-10"
"6","/VocabularyExtractor/src/:extractor.JavaFolderTermExtractor","2010-11-10"
"7","/VocabularyExtractor/files/XmlToXsd/src/:com.pacote2.EmptyMethod","2010-11-10"
"8","/VocabularyExtractor/tests/:util.VXLHandler","2010-11-10"
"9","/VocabularyExtractor/files/XmlToXsd/src/:com.xml2xsd.GenericClass$Interna","2010-11-10"
"10","/VocabularyExtractor/files/XmlToXsd/src/:com.xml2xsd.GenericClass$GenericEnum","2010-11-10"
"11","/VocabularyExtractor/files/XmlToXsd/src/:com.xml2xsd.GenericClass","2010-11-10"
"12","/VocabularyExtractor/files/XmlToXsd/src/:com.pacote2.EmptyClass","2010-11-10"
"13","/VocabularyExtractor/src/:main.VocabularyExtractor","2010-11-10"
"16","/src/:extractor.SourceCodeTermExtractor","2010-11-16"
"17","/src/:extractor.ProjectTermExtractor","2010-11-16"
"18","/src/:main.VocabularyExtractor","2010-11-16"
"19","/src/:extractor.ASTTermExtractor","2010-11-16"
"20","/files/XmlToXsd/src/:com.pacote2.EmptyMethod","2010-11-16"
"21","/files/XmlToXsd/src/:com.xml2xsd.GenericClass$Interna","2010-11-16"
"22","/files/XmlToXsd/src/:com.pacote2.EmptyClass","2010-11-16"
"23","/tests/:test.JavaFolderTermExtractorTest","2010-11-16"
"24","/files/XmlToXsd/src/:com.xml2xsd.GenericClass","2010-11-16"
"25","/src/:util.FileUtil","2010-11-16"
"26","/files/XmlToXsd/src/:com.xml2xsd.GenericClass$GenericEnum","2010-11-16"
"27","/tests/:util.VXLHandler","2010-11-16"
"28","/src/:extractor.JavaFolderTermExtractor","2010-11-16"
"31","/src/:org.splabs.vocabulary.vxl.extractor.util.FileUtil","2010-11-19"
"32","/src/:org.splabs.vocabulary.vxl.extractor.SourceCodeTermExtractor","2010-11-19"
"33","/src/:org.splabs.vocabulary.vxl.extractor.ASTTermExtractor","2010-11-19"
"34","/src/:org.splabs.vocabulary.vxl.extractor.ProjectTermExtractor","2010-11-19"
"35","/src/:org.splabs.vocabulary.vxl.extractor.JavaFolderTermExtractor","2010-11-19"
"36","/src/:org.splabs.vocabulary.vxl.VocabularyExtractor","2010-11-19"
"38","/src/:org.splabs.vocabulary.vxl.extractor.JavaFolderVocabularyExtractor","2010-12-08"
"39","/src/:org.splabs.vocabulary.vxl.extractor.ProjectVocabularyExtractor","2010-12-08"
"40","/src/:org.splabs.vocabulary.vxl.extractor.ASTVocabularyExtractor","2010-12-08"
"41","/src/:org.splabs.vocabulary.vxl.extractor.SourceCodeVocabularyExtractor","2010-12-08"
"45","/src/:org.splabs.vocabulary.vxl.extractor.LOC","2011-11-16"
"46","/src/:org.splabs.vocabulary.vxl.extractor.SourceCodeVocabularyExtractor$HeaderCounter","2011-11-16"
"47","/src/:org.splabs.vocabulary.vxl.extractor.CommentUnit","2011-11-16"
"48","/src/:org.splabs.vocabulary.vxl.extractor.SourceCodeVocabularyExtractor$AnnotationCounter","2011-11-16"
"52","/src/:org.splabs.vocabulary.vxl.vloccount.LOCParameters","2011-12-05"
"53","/src/:org.splabs.vocabulary.vxl.vloccount.EntityLOCCount","2011-12-05"
"54","/src/:org.splabs.vocabulary.vxl.vloccount.PhysicalLOCCount","2011-12-05"
"55","/src/:org.splabs.vocabulary.vxl.vloccount.AnnotationCounter$AnnotationLimit","2012-01-06"
"56","/files/XmlToXsd/src/:com.xml2xsd.GenericClass$Interna2","2012-01-06"
"57","/files/XmlToXsd/src/:com.xml2xsd.SideEnum","2012-01-06"
"58","/src/:org.splabs.vocabulary.vxl.vloccount.LOCCOuntPerEntity","2012-01-06"
"59","/src/:org.splabs.vocabulary.vxl.vloccount.AnnotationCounter","2012-01-06"
"60","/src/:org.splabs.vocabulary.vxl.vloccount.EntityLOCKeeper","2012-01-06"
"62","/files/LocTests/manualTests/GenericClass3.java:com.xml2xsd.GenericClass","2012-01-16"
"63","/files/LocTests/manualTests/GenericClass.java:com.xml2xsd.GenericClass","2012-01-16"
"64","/files/LocTests/manualTests/GenericClass3.java:com.xml2xsd.GenericClass$Interna2","2012-01-16"
"65","/files/LocTests/manualTests/GenericClass1.java:com.xml2xsd.GenericClass$Interna2","2012-01-16"
"66","/files/LocTests/manualTests/GenericClass2.java:com.xml2xsd.GenericClass$Interna2","2012-01-16"
"67","/tests/:test.AnnotationsTest","2012-01-16"
"68","/files/LocTests/manualTests/GenericClass2.java:com.xml2xsd.GenericClass$GenericEnum","2012-01-16"
"69","/files/LocTests/manualTests/GenericClass3.java:com.xml2xsd.GenericClass$GenericEnum","2012-01-16"
"70","/files/LocTests/manualTests/GenericClass1.java:com.xml2xsd.GenericClass$GenericEnum","2012-01-16"
"71","/files/LocTests/manualTests/GenericClass4.java:com.xml2xsd.GenericClass$GenericEnum","2012-01-16"
"72","/files/LocTests/manualTests/GenericClass4.java:com.xml2xsd.SideEnum","2012-01-16"
"73","/files/LocTests/manualTests/GenericClass3.java:com.xml2xsd.GenericClass$Interna","2012-01-16"
"74","/files/LocTests/manualTests/GenericClass4.java:com.xml2xsd.GenericClass$Interna2","2012-01-16"
"75","/files/LocTests/manualTests/GenericClass1.java:com.xml2xsd.GenericClass$Interna","2012-01-16"
"76","/files/LocTests/manualTests/GenericClass1.java:com.xml2xsd.GenericClass","2012-01-16"
"77","/files/LocTests/manualTests/GenericClass4.java:com.xml2xsd.GenericClass","2012-01-16"
"78","/files/LocTests/manualTests/GenericClass2.java:com.xml2xsd.SideEnum","2012-01-16"
"79","/files/LocTests/manualTests/GenericClass2.java:com.xml2xsd.GenericClass","2012-01-16"
"80","/files/LocTests/manualTests/GenericClass3.java:com.xml2xsd.SideEnum","2012-01-16"
"81","/files/LocTests/manualTests/GenericClass.java:com.xml2xsd.SideEnum","2012-01-16"
"82","/files/LocTests/manualTests/GenericClass.java:com.xml2xsd.GenericClass$Interna","2012-01-16"
"83","/files/LocTests/manualTests/GenericClass2.java:com.xml2xsd.GenericClass$Interna","2012-01-16"
"84","/files/LocTests/manualTests/GenericClass4.java:com.xml2xsd.GenericClass$Interna","2012-01-16"
"85","/files/LocTests/manualTests/GenericClass.java:com.xml2xsd.GenericClass$GenericEnum","2012-01-16"
"86","/files/LocTests/manualTests/GenericClass.java:com.xml2xsd.GenericClass$Interna2","2012-01-16"
"87","/files/LocTests/manualTests/GenericClass1.java:com.xml2xsd.SideEnum","2012-01-16"
"93","/tests/:test.PhysicalLocTest","2012-01-18"
"94","/tests/:test.LocPerEntityTest","2012-01-18"
"96","/src/main/java/:org.splabs.vocabulary.vxl.vloccount.LOCCountPerEntity","2012-01-30"
"97","/src/main/java/:org.splabs.vocabulary.vxl.extractor.ProjectVocabularyExtractor","2012-01-30"
"98","/src/test/java/:test.PhysicalLocTest","2012-01-30"
"99","/src/test/java/:test.LocPerEntityTest","2012-01-30"
"100","/src/main/java/:org.splabs.vocabulary.vxl.vloccount.AnnotationCounter$AnnotationLimit","2012-01-30"
"101","/src/main/java/:org.splabs.vocabulary.vxl.extractor.JavaFolderVocabularyExtractor","2012-01-30"
"102","/src/main/java/:org.splabs.vocabulary.vxl.extractor.util.FileUtil","2012-01-30"
"103","/src/main/java/:org.splabs.vocabulary.vxl.extractor.SourceCodeVocabularyExtractor","2012-01-30"
"104","/src/test/java/:util.VXLHandler","2012-01-30"
"105","/src/main/java/:org.splabs.vocabulary.vxl.extractor.CommentUnit","2012-01-30"
"106","/src/main/java/:org.splabs.vocabulary.vxl.VocabularyExtractor","2012-01-30"
"107","/src/main/java/:org.splabs.vocabulary.vxl.vloccount.EntityLOCKeeper","2012-01-30"
"108","/src/test/java/:test.JavaFolderTermExtractorTest","2012-01-30"
"109","/src/main/java/:org.splabs.vocabulary.vxl.extractor.ASTVocabularyExtractor","2012-01-30"
"110","/src/main/java/:org.splabs.vocabulary.vxl.vloccount.AnnotationCounter","2012-01-30"
"111","/src/test/java/:test.AnnotationsTest","2012-01-30"
"112","/src/main/java/:org.splabs.vocabulary.vxl.vloccount.LOCParameters","2012-01-30"
"113","/src/main/java/:org.splabs.vocabulary.vxl.vloccount.PhysicalLOCCount","2012-01-30"
"127","/files/LocTests/manualTests/GenericClass3.java:com.xml2xsd.GenericClass","2012-02-07"
"128","/files/XmlToXsd/src/:com.pacote2.EmptyClass","2012-02-07"
"129","/files/LocTests/manualTests/GenericClass.java:com.xml2xsd.GenericClass","2012-02-07"
"130","/files/XmlToXsd/src/:com.xml2xsd.GenericClass","2012-02-07"
"131","/files/LocTests/manualTests/GenericClass3.java:com.xml2xsd.GenericClass$Interna2","2012-02-07"
"132","/files/LocTests/manualTests/GenericClass1.java:com.xml2xsd.GenericClass$Interna2","2012-02-07"
"133","/files/XmlToXsd/src/:com.xml2xsd.GenericClass$Interna2","2012-02-07"
"134","/files/LocTests/manualTests/GenericClass2.java:com.xml2xsd.GenericClass$Interna2","2012-02-07"
"135","/files/LocTests/manualTests/GenericClass2.java:com.xml2xsd.GenericClass$GenericEnum","2012-02-07"
"136","/files/LocTests/manualTests/GenericClass3.java:com.xml2xsd.GenericClass$GenericEnum","2012-02-07"
"137","/files/LocTests/manualTests/GenericClass1.java:com.xml2xsd.GenericClass$GenericEnum","2012-02-07"
"138","/files/LocTests/manualTests/GenericClass4.java:com.xml2xsd.GenericClass$GenericEnum","2012-02-07"
"139","/files/LocTests/manualTests/GenericClass4.java:com.xml2xsd.SideEnum","2012-02-07"
"140","/files/LocTests/manualTests/GenericClass3.java:com.xml2xsd.GenericClass$Interna","2012-02-07"
"141","/files/XmlToXsd/src/:com.pacote2.EmptyMethod","2012-02-07"
"142","/files/LocTests/manualTests/GenericClass4.java:com.xml2xsd.GenericClass$Interna2","2012-02-07"
"143","/files/LocTests/manualTests/GenericClass1.java:com.xml2xsd.GenericClass$Interna","2012-02-07"
"144","/files/LocTests/manualTests/GenericClass1.java:com.xml2xsd.GenericClass","2012-02-07"
"145","/files/LocTests/manualTests/GenericClass4.java:com.xml2xsd.GenericClass","2012-02-07"
"146","/files/LocTests/manualTests/GenericClass2.java:com.xml2xsd.SideEnum","2012-02-07"
"147","/files/LocTests/manualTests/GenericClass2.java:com.xml2xsd.GenericClass","2012-02-07"
"148","/files/LocTests/manualTests/GenericClass3.java:com.xml2xsd.SideEnum","2012-02-07"
"149","/files/LocTests/manualTests/GenericClass.java:com.xml2xsd.SideEnum","2012-02-07"
"150","/files/LocTests/manualTests/GenericClass.java:com.xml2xsd.GenericClass$Interna","2012-02-07"
"151","/files/XmlToXsd/src/:com.xml2xsd.SideEnum","2012-02-07"
"152","/files/LocTests/manualTests/GenericClass2.java:com.xml2xsd.GenericClass$Interna","2012-02-07"
"153","/files/LocTests/manualTests/GenericClass4.java:com.xml2xsd.GenericClass$Interna","2012-02-07"
"154","/files/XmlToXsd/src/:com.xml2xsd.GenericClass$Interna","2012-02-07"
"155","/files/LocTests/manualTests/GenericClass.java:com.xml2xsd.GenericClass$GenericEnum","2012-02-07"
"156","/files/XmlToXsd/src/:com.xml2xsd.GenericClass$GenericEnum","2012-02-07"
"157","/files/LocTests/manualTests/GenericClass.java:com.xml2xsd.GenericClass$Interna2","2012-02-07"
"158","/files/LocTests/manualTests/GenericClass1.java:com.xml2xsd.SideEnum","2012-02-07"
"190","/src/main/java/:org.splabs.vocabulary.vxl.vloccount.EntityType","2012-07-13"
"191","/files/XmlToXsd_2/src/main/java/:org.splabs.vocabulary.vxl.extractor.util.FileUtil","2012-08-06"
"192","/files/XmlToXsd_2/src/main/java/:org.splabs.vocabulary.vxl.vloccount.PhysicalLOCCount","2012-08-06"
"193","/files/XmlToXsd_2/src/test/java/:util.VXLHandler","2012-08-06"
"194","/files/XmlToXsd_2/src/main/java/:org.splabs.vocabulary.vxl.vloccount.LOCParameters","2012-08-06"
"195","/src/test/java/:test.JavaFolderTermExtractorTest_2","2012-08-06"
"196","/files/XmlToXsd_2/src/main/java/:org.splabs.vocabulary.vxl.vloccount.LOCCountPerEntity","2012-08-06"
"197","/files/XmlToXsd_2/src/main/java/:org.splabs.vocabulary.vxl.vloccount.AnnotationCounter","2012-08-06"
"198","/files/XmlToXsd_2/src/main/java/:org.splabs.vocabulary.vxl.VocabularyExtractor","2012-08-06"
"199","/files/XmlToXsd_2/src/main/java/:org.splabs.vocabulary.vxl.vloccount.EntityLOCKeeper","2012-08-06"
"200","/files/XmlToXsd_2/src/test/java/:test.AnnotationsTest","2012-08-06"
"201","/files/XmlToXsd_2/src/main/java/:org.splabs.vocabulary.vxl.extractor.CommentUnit","2012-08-06"
"202","/files/XmlToXsd_2/src/main/java/:org.splabs.vocabulary.vxl.extractor.ASTVocabularyExtractor","2012-08-06"
"203","/files/XmlToXsd_2/src/main/java/:org.splabs.vocabulary.vxl.extractor.ProjectVocabularyExtractor","2012-08-06"
"204","/files/XmlToXsd_2/src/main/java/:org.splabs.vocabulary.vxl.extractor.SourceCodeVocabularyExtractor","2012-08-06"
"205","/files/XmlToXsd_2/src/main/java/:org.splabs.vocabulary.vxl.vloccount.AnnotationCounter$AnnotationLim","2012-08-06"
"206","/files/XmlToXsd_2/src/main/java/:org.splabs.vocabulary.vxl.extractor.JavaFolderVocabularyExtractor","2012-08-06"
"207","/files/XmlToXsd_2/src/test/java/:test.PhysicalLocTest","2012-08-06"
"208","/files/XmlToXsd_2/src/test/java/:test.JavaFolderTermExtractorTest","2012-08-06"
"209","/files/XmlToXsd_2/src/test/java/:test.LocPerEntityTest","2012-08-06"
"222","/files/XmlToXsd_2/src/main/java/:org.splabs.vocabulary.vxl.vloccount.EntityType","2012-08-19"
"223","/src/main/java/:org.splabs.vocabulary.vxl.processors.MethodProcessor","2012-10-08"
"224","/src/main/java/:org.splabs.vocabulary.vxl.util.FileUtil","2012-10-08"
"225","/src/main/java/:org.splabs.vocabulary.vxl.processors.FieldProcessor","2012-10-08"
"226","/src/main/java/:org.splabs.vocabulary.vxl.processors.CompilationUnitProcessor","2012-10-08"
"227","/src/main/java/:org.splabs.vocabulary.vxl.processors.EnumProcessor","2012-10-08"
"228","/src/main/java/:org.splabs.vocabulary.vxl.processors.ClassProcessor","2012-10-08"
"229","/src/main/java/:org.splabs.vocabulary.vxl.browsers.CompilationUnitToPackageLinker","2012-10-08"
"230","/src/main/java/:org.splabs.vocabulary.vxl.util.LOCManager","2012-10-08"
"231","/src/main/java/:org.splabs.vocabulary.vxl.browsers.DirectoriesBrowser","2012-10-08"
"232","/src/main/java/:org.splabs.vocabulary.vxl.util.CommentUnit","2012-10-08"
"233","/src/main/java/:org.splabs.vocabulary.vxl.VocabularyRunner","2012-10-08"
"234","/src/main/java/:org.splabs.vocabulary.vxl.browsers.CompilationUnitParser","2012-10-08"
"235","/src/main/java/:org.splabs.vocabulary.vxl.util.VxlManager","2012-10-08"
"236","/src/main/java/:org.splabs.vocabulary.vxl.processors.CommentsProcessor","2012-10-08"
"238","/src/main/java/:org.splabs.vocabulary.vxl.processors.BodyProcessor","2012-10-15"
"239","/src/main/java/:org.splabs.vocabulary.vxl.processors.ExpressionProcessor","2012-10-24"
"240","/src/main/java/:org.splabs.vocabulary.vxl.processors.MethodVocabularyManager","2012-11-23"
"241","/src/main/java/:org.splabs.vocabulary.vxl.processors.StringProcessor","2012-11-30"
"242","/src/test/java/:test.AllTests","2013-12-17"
"243","/src/main/java/:org.splab.vocabulary.extractor.processors.ExpressionProcessor","2013-12-17"
"244","/src/main/java/:org.splab.vocabulary.extractor.vloccount.AnnotationCounter$AnnotationLimit","2013-12-17"
"245","/src/main/java/:org.splab.vocabulary.extractor.processors.BodyProcessor","2013-12-17"
"246","/src/main/java/:org.splab.vocabulary.extractor.util.LOCManager","2013-12-17"
"247","/src/main/java/:org.splab.vocabulary.extractor.processors.EnumProcessor","2013-12-17"
"248","/src/main/java/:org.splab.vocabulary.extractor.util.FileUtil","2013-12-17"
"249","/src/main/java/:org.splab.vocabulary.extractor.processors.StringProcessor","2013-12-17"
"250","/src/main/java/:org.splab.vocabulary.extractor.vloccount.AnnotationCounter","2013-12-17"
"251","/src/main/java/:org.splab.vocabulary.extractor.processors.MethodProcessor","2013-12-17"
"252","/src/main/java/:org.splab.vocabulary.extractor.vloccount.EntityType","2013-12-17"
"253","/src/main/java/:org.splab.vocabulary.extractor.processors.MethodVocabularyManager","2013-12-17"
"254","/src/main/java/:org.splab.vocabulary.extractor.processors.CommentsProcessor","2013-12-17"
"255","/src/main/java/:org.splab.vocabulary.extractor.browsers.DirectoriesBrowser","2013-12-17"
"256","/src/main/java/:org.splab.vocabulary.extractor.browsers.CompilationUnitParser","2013-12-17"
"257","/src/main/java/:org.splab.vocabulary.extractor.processors.ClassProcessor","2013-12-17"
"258","/src/main/java/:org.splab.vocabulary.extractor.util.VxlManager","2013-12-17"
"259","/src/main/java/:org.splab.vocabulary.extractor.processors.FieldProcessor","2013-12-17"
"260","/src/main/java/:org.splab.vocabulary.extractor.vloccount.LOCParameters","2013-12-17"
"261","/src/main/java/:org.splab.vocabulary.extractor.vloccount.EntityLOCKeeper","2013-12-17"
"262","/src/main/java/:org.splab.vocabulary.extractor.processors.CompilationUnitProcessor","2013-12-17"
"263","/src/main/java/:org.splab.vocabulary.extractor.vloccount.LOCCountPerEntity","2013-12-17"
"264","/src/main/java/:org.splab.vocabulary.extractor.browsers.CompilationUnitToPackageLinker","2013-12-17"
"265","/src/main/java/:org.splab.vocabulary.extractor.util.CommentUnit","2013-12-17"
"266","/src/main/java/:org.splab.vocabulary.extractor.vloccount.PhysicalLOCCount","2013-12-17"
"267","/src/main/java/:org.splab.vocabulary.extractor.VocabularyRunner","2013-12-17"
"273","/src/main/java/:org.splab.vocabulary.extractor.util.MemoryRuntimeIFPB","2016-09-20"
