"1","which","2010-12-08"
"2","check","2010-12-08"
"3","substr","2010-12-08"
"4","least","2010-12-08"
"5","place","2010-12-08"
"6","on","2010-12-08"
"8","ã","2011-01-13"
"9","m","2011-01-13"
"10","todo","2011-01-13"
"11","edit","2011-11-16"
"12","space","2011-11-16"
"13","delimit","2011-11-16"
"14","duplic","2011-11-16"
"18","format","2011-11-17"
"19","csv","2011-12-05"
"20","h","2011-12-05"
"22","rang","2012-01-06"
"23","init","2012-01-06"
"25","ao","2012-01-11"
"26","lado","2012-01-11"
"27","love","2012-01-11"
"28","don","2012-01-11"
"29","mommy","2012-01-11"
"30","gotcha","2012-01-11"
"31","natur","2012-01-11"
"32","tell","2012-01-11"
"33","pleas","2012-01-11"
"34","mom","2012-01-11"
"35","got","2012-01-11"
"36","down","2012-01-11"
"37","mwaahaha","2012-01-11"
"38","mother","2012-01-11"
"39","outro","2012-01-11"
"40","oh","2012-01-11"
"41","sit","2012-01-11"
"42","worry","2012-01-11"
"43","someth","2012-01-11"
"44","it","2012-01-11"
"45","look","2012-01-11"
"46","die","2012-01-11"
"47","hi","2012-01-11"
"48","idea","2012-01-11"
"49","man","2012-01-11"
"56","locc","2012-01-18"
"57","ount","2012-01-18"
"58","split","2012-01-18"
"59","subpart","2012-01-18"
"60","recurs","2012-01-18"
"61","give","2012-01-18"
"62","last","2012-01-18"
"63","brace","2012-01-18"
"64","fill","2012-01-18"
"65","couter","2012-01-18"
"66","see","2012-01-18"
"67","calculu","2012-01-18"
"71","which","2012-01-20"
"72","de","2012-01-20"
"73","author","2012-01-20"
"74","constructor","2012-01-20"
"75","melo","2012-01-20"
"76","abstract","2012-01-20"
"77","annot","2012-01-20"
"78","delimit","2012-01-20"
"79","default","2012-01-20"
"80","param","2012-01-20"
"81","specifi","2012-01-20"
"82","limit","2012-01-20"
"83","end","2012-01-20"
"84","rang","2012-01-20"
"85","begin","2012-01-20"
"86","tercio","2012-01-20"
"87","generica","2012-01-20"
"88","constant","2012-01-20"
"89","gener","2012-01-20"
"90","parametro","2012-01-20"
"91","método","2012-01-20"
"92","katyusco","2012-01-20"
"93","comentário","2012-01-20"
"94","do","2012-01-20"
"95","local","2012-01-20"
"96","javadoc","2012-01-20"
"97","privat","2012-01-20"
"98","public","2012-01-20"
"99","metodo","2012-01-20"
"100","atributo","2012-01-20"
"101","variavel","2012-01-20"
"102","class","2012-01-20"
"103","da","2012-01-20"
"104","return","2012-01-20"
"105","empty","2012-01-20"
"106","thu","2012-01-20"
"107","sourc","2012-01-20"
"108","extens","2012-01-20"
"109","lt","2012-01-20"
"110","whole","2012-01-20"
"111","analysi","2012-01-20"
"112","when","2012-01-20"
"113","space","2012-01-20"
"114","specif","2012-01-20"
"115","number","2012-01-20"
"116","java","2012-01-20"
"117","tab","2012-01-20"
"118","entir","2012-01-20"
"119","than","2012-01-20"
"120","backward","2012-01-20"
"121","from","2012-01-20"
"122","written","2012-01-20"
"123","analisi","2012-01-20"
"124","case","2012-01-20"
"125","us","2012-01-20"
"126","all","2012-01-20"
"127","posit","2012-01-20"
"128","given","2012-01-20"
"129","goal","2012-01-20"
"130","count","2012-01-20"
"131","index","2012-01-20"
"132","list","2012-01-20"
"133","manag","2012-01-20"
"134","substr","2012-01-20"
"135","repres","2012-01-20"
"136","numb","2012-01-20"
"137","befor","2012-01-20"
"138","includ","2012-01-20"
"139","final","2012-01-20"
"140","doe","2012-01-20"
"141","physic","2012-01-20"
"142","loc","2012-01-20"
"143","note","2012-01-20"
"144","other","2012-01-20"
"145","code","2012-01-20"
"146","blank","2012-01-20"
"147","string","2012-01-20"
"148","line","2012-01-20"
"149","verifi","2012-01-20"
"150","valid","2012-01-20"
"151","comput","2012-01-20"
"152","current","2012-01-20"
"153","search","2012-01-20"
"154","file","2012-01-20"
"155","known","2012-01-20"
"156","array","2012-01-20"
"157","locat","2012-01-20"
"158","get","2012-01-20"
"159","scope","2012-01-20"
"160","after","2012-01-20"
"161","scopo","2012-01-20"
"162","b","2012-01-20"
"163","contain","2012-01-20"
"164","forward","2012-01-20"
"165","start","2012-01-20"
"166","length","2012-01-20"
"167","i","2012-01-20"
"168","gt","2012-01-20"
"169","n","2012-01-20"
"170","charact","2012-01-20"
"171","insid","2012-01-20"
"172","char","2012-01-20"
"173","analyz","2012-01-20"
"174","ha","2012-01-20"
"175","well","2012-01-20"
"176","comment","2012-01-20"
"177","until","2012-01-20"
"178","understood","2012-01-20"
"179","mark","2012-01-20"
"180","entity","2012-01-20"
"181","ast","2012-01-20"
"182","inform","2012-01-20"
"183","trim","2012-01-20"
"184","text","2012-01-20"
"185","replac","2012-01-20"
"186","ut","2012-01-20"
"187","apo","2012-01-20"
"188","node","2012-01-20"
"189","unit","2012-01-20"
"190","extract","2012-01-20"
"191","invalid","2012-01-20"
"192","object","2012-01-20"
"193","valu","2012-01-20"
"194","pars","2012-01-20"
"195","content","2012-01-20"
"196","point","2012-01-20"
"197","out","2012-01-20"
"198","undesir","2012-01-20"
"199","process","2012-01-20"
"200","f","2012-01-20"
"201","store","2012-01-20"
"202","encod","2012-01-20"
"203","equal","2012-01-20"
"204","remov","2012-01-20"
"205","subclass","2012-01-20"
"206","append","2012-01-20"
"207","be","2012-01-20"
"208","isn","2012-01-20"
"209","tell","2012-01-20"
"210","about","2012-01-20"
"211","extern","2012-01-20"
"212","sum","2012-01-20"
"213","desir","2012-01-20"
"214","entiti","2012-01-20"
"215","provid","2012-01-20"
"216","set","2012-01-20"
"217","test","2012-01-20"
"218","need","2012-01-20"
"219","keeper","2012-01-20"
"220","counter","2012-01-20"
"221","inner","2012-01-20"
"222","accont","2012-01-20"
"223","keep","2012-01-20"
"224","header","2012-01-20"
"225","base","2012-01-20"
"226","interna","2012-01-20"
"227","uncount","2012-01-20"
"228","dir","2012-01-20"
"229","put","2012-01-20"
"230","correspond","2012-01-20"
"231","javacod","2012-01-20"
"232","etc","2012-01-20"
"233","rel","2012-01-20"
"234","interrupt","2012-01-20"
"235","only","2012-01-20"
"236","those","2012-01-20"
"237","creat","2012-01-20"
"238","new","2012-01-20"
"239","multipl","2012-01-20"
"240","read","2012-01-20"
"241","method","2012-01-20"
"242","kind","2012-01-20"
"243","tree","2012-01-20"
"244","format","2012-01-20"
"245","countabl","2012-01-20"
"246","core","2012-01-20"
"247","parser","2012-01-20"
"248","countless","2012-01-20"
"249","true","2012-01-20"
"250","name","2012-01-20"
"251","except","2012-01-20"
"252","option","2012-01-20"
"253","import","2012-01-20"
"254","aux","2012-01-20"
"255","paramet","2012-01-20"
"256","manual","2012-01-20"
"257","annotaiont","2012-01-20"
"258","compil","2012-01-20"
"259","println","2012-01-20"
"260","assert","2012-01-20"
"261","root","2012-01-20"
"262","annotatino","2012-01-20"
"263","on","2012-01-20"
"264","kept","2012-01-20"
"265","target","2012-01-20"
"266","framework","2012-01-20"
"267","throw","2012-01-20"
"268","plu","2012-01-20"
"269","invoc","2012-01-20"
"270","represent","2012-01-20"
"271","olha","2012-01-20"
"272","dentro","2012-01-20"
"273","green","2012-01-20"
"274","ae","2012-01-20"
"275","bloco","2012-01-20"
"276","linha","2012-01-20"
"277","comentario","2012-01-20"
"278","enum","2012-01-20"
"279","red","2012-01-20"
"280","blue","2012-01-20"
"281","um","2012-01-20"
"282","enumeracao","2012-01-20"
"283","na","2012-01-20"
"284","nada","2012-01-20"
"285","essa","2012-01-20"
"286","esta","2012-01-20"
"287","num","2012-01-20"
"288","viva","2012-01-20"
"289","ainda","2012-01-20"
"290","faz","2012-01-20"
"291","font","2012-01-20"
"292","agua","2012-01-20"
"293","coisa","2012-01-20"
"294","body","2012-01-20"
"295","stack","2012-01-20"
"296","lo","2012-01-20"
"297","project","2012-01-20"
"298","namespac","2012-01-20"
"299","visibi","2012-01-20"
"300","separ","2012-01-20"
"301","variabl","2012-01-20"
"302","implement","2012-01-20"
"303","id","2012-01-20"
"304","buffer","2012-01-20"
"305","var","2012-01-20"
"306","byte","2012-01-20"
"307","utf","2012-01-20"
"308","field","2012-01-20"
"309","gustavojss","2012-01-20"
"310","extractor","2012-01-20"
"311","total","2012-01-20"
"312","trace","2012-01-20"
"313","vocabulary","2012-01-20"
"314","interfac","2012-01-20"
"315","locvari","2012-01-20"
"316","term","2012-01-20"
"317","packag","2012-01-20"
"318","c","2012-01-20"
"319","e","2012-01-20"
"320","perform","2012-01-20"
"321","wrong","2012-01-20"
"322","print","2012-01-20"
"323","revis","2012-01-20"
"324","complet","2012-01-20"
"325","retun","2012-01-20"
"326","simpl","2012-01-20"
"327","complex","2012-01-20"
"328","blanklin","2012-01-20"
"329","compar","2012-01-20"
"330","result","2012-01-20"
"331","over","2012-01-20"
"332","type","2012-01-20"
"333","identifi","2012-01-20"
"334","qwertyuiopasdfghjklzxcvbnm","2012-01-20"
"335","api","2012-01-20"
"336","algorithm","2012-01-20"
"337","eclips","2012-01-20"
"338","them","2012-01-20"
"339","come","2012-01-20"
"340","letter","2012-01-20"
"341","declar","2012-01-20"
"342","how","2012-01-20"
"343","defin","2012-01-20"
"344","close","2012-01-20"
"345","piec","2012-01-20"
"346","cnt","2012-01-20"
"347","many","2012-01-20"
"348","open","2012-01-20"
"349","receiv","2012-01-20"
"350","bidimension","2012-01-20"
"351","add","2012-01-20"
"352","like","2012-01-20"
"353","occupi","2012-01-20"
"354","next","2012-01-20"
"355","indic","2012-01-20"
"356","part","2012-01-20"
"357","also","2012-01-20"
"358","any","2012-01-20"
"359","int","2012-01-20"
"360","build","2012-01-20"
"361","through","2012-01-20"
"362","argument","2012-01-20"
"363","main","2012-01-20"
"364","path","2012-01-20"
"365","entit","2012-01-20"
"366","property","2012-01-20"
"367","finish","2012-01-20"
"368","you","2012-01-20"
"369","linesepar","2012-01-20"
"370","veloc","2012-01-20"
"371","jvm","2012-01-20"
"372","pass","2012-01-20"
"373","folder","2012-01-20"
"374","system","2012-01-20"
"375","configur","2012-01-20"
"376","size","2012-01-20"
"377","util","2012-01-20"
"378","must","2012-01-20"
"379","save","2012-01-20"
"380","turn","2012-01-20"
"381","voc","2012-01-20"
"382","error","2012-01-20"
"383","se","2012-01-20"
"384","execut","2012-01-20"
"385","load","2012-01-20"
"386","arg","2012-01-20"
"387","where","2012-01-20"
"388","messag","2012-01-20"
"389","extr","2012-01-20"
"390","more","2012-01-20"
"391","vxl","2012-01-20"
"392","follow","2012-01-20"
"393","o","2012-01-20"
"394","usag","2012-01-20"
"395","y","2012-01-20"
"396","per","2012-01-20"
"397","every","2012-01-20"
"398","structur","2012-01-20"
"399","fully","2012-01-20"
"400","comp","2012-01-20"
"401","ad","2012-01-20"
"402","hierarchy","2012-01-20"
"403","absolut","2012-01-20"
"404","projeto","2012-01-20"
"405","pckg","2012-01-20"
"406","directory","2012-01-20"
"407","design","2012-01-20"
"408","map","2012-01-20"
"409","key","2012-01-20"
"410","qualifi","2012-01-20"
"411","select","2012-01-20"
"412","decl","2012-01-20"
"413","manner","2012-01-20"
"414","doesn","2012-01-20"
"415","comm","2012-01-20"
"416","might","2012-01-20"
"417","subtract","2012-01-20"
"418","constrain","2012-01-20"
"419","each","2012-01-20"
"420","belong","2012-01-20"
"421","respons","2012-01-20"
"422","necessary","2012-01-20"
"423","within","2012-01-20"
"424","retorno","2012-01-20"
"425","metric","2012-01-20"
"426","tha","2012-01-20"
"427","model","2012-01-20"
"428","element","2012-01-20"
"429","fragment","2012-01-20"
"430","com","2012-01-20"
"431","handler","2012-01-20"
"432","reader","2012-01-20"
"433","csv","2012-01-20"
"434","xml","2012-01-20"
"435","up","2012-01-20"
"436","pacot","2012-01-20"
"437","static","2012-01-20"
"438","iter","2012-01-20"
"439","fals","2012-01-20"
"440","exist","2012-01-20"
"441","xmltoxsd","2012-01-20"
"442","xsd","2012-01-20"
"443","delet","2012-01-20"
"444","prop","2012-01-20"
"445","factory","2012-01-20"
"446","attribut","2012-01-20"
"447","r","2012-01-20"
"448","boolean","2012-01-20"
"449","xr","2012-01-20"
"450","defaulthandl","2012-01-20"
"451","properti","2012-01-20"
"452","helper","2012-01-20"
"453","www","2012-01-20"
"454","html","2012-01-20"
"455","quickstart","2012-01-20"
"456","extend","2012-01-20"
"457","http","2012-01-20"
"458","jenkov","2012-01-20"
"459","htm","2012-01-20"
"460","org","2012-01-20"
"461","src","2012-01-20"
"462","saxproject","2012-01-20"
"463","tutori","2012-01-20"
"464","sax","2012-01-20"
"465","uri","2012-01-20"
"466","q","2012-01-20"
"467","workspac","2012-01-20"
"468","valida","2012-01-20"
"469","convert","2012-01-20"
"470","program","2012-01-20"
"471","output","2012-01-20"
"472","primeira","2012-01-20"
"473","possess","2012-01-20"
"474","pack","2012-01-20"
"475","version","2012-01-20"
"476","numero","2012-01-20"
"477","increment","2012-01-20"
"478","resivion","2012-01-20"
"479","visiibi","2012-01-20"
"480","assignatur","2012-01-20"
"481","protect","2012-01-20"
"482","l","2012-01-20"
"483","concaten","2012-01-20"
"484","data","2012-01-20"
"485","friendly","2012-01-20"
"486","declararion","2012-01-20"
"487","check","2012-01-20"
"488","vx","2012-01-20"
"489","link","2012-01-20"
"490","paremet","2012-01-20"
"491","modifi","2012-01-20"
"492","relat","2012-01-20"
"493","assign","2012-01-20"
"582","meth","2012-08-14"
"583","sejam","2012-08-19"
"584","branco","2012-08-19"
"585","happen","2012-08-19"
"586","acontec","2012-08-19"
"587","hold","2012-08-19"
"588","ocupa","2012-08-19"
"589","testa","2012-08-19"
"590","initi","2012-08-19"
"591","eh","2012-08-19"
"592","em","2012-08-19"
"593","uma","2012-08-19"
"594","bound","2012-08-19"
"595","valido","2012-08-19"
"596","integ","2012-08-19"
"597","dot","2012-08-19"
"598","vacanc","2012-08-19"
"599","contabilizado","2012-08-19"
"600","suffix","2012-08-19"
"601","find","2012-08-19"
"602","codigo","2012-08-19"
"603","null","2012-08-19"
"604","present","2012-08-19"
"605","evitar","2012-08-19"
"606","caught","2012-08-19"
"607","retirando","2012-08-19"
"608","situacao","2012-08-19"
"609","que","2012-08-19"
"610","quando","2012-08-19"
"611","refer","2012-08-19"
"612","tipo","2012-08-19"
"613","contendo","2012-08-19"
"614","filenam","2012-08-19"
"615","between","2012-08-19"
"616","como","2012-08-19"
"617","should","2012-08-19"
"618","here","2012-08-19"
"619","para","2012-08-19"
"620","temo","2012-08-19"
"621","unica","2012-08-19"
"622","enumer","2012-08-19"
"623","mean","2012-08-19"
"624","slash","2012-08-19"
"646","nameth","2012-10-08"
"647","revisionth","2012-10-08"
"648","pathth","2012-10-08"
"649","overload","2012-10-08"
"650","onc","2012-10-08"
"651","better","2012-10-08"
"653","terminar","2012-10-25"
"654","analisar","2012-10-25"
"655","todo","2012-10-25"
"656","expressio","2012-10-29"
"657","invocatio","2012-10-29"
"658","x","2012-10-29"
"659","supe","2012-10-29"
"660","prefi","2012-10-29"
"663","litera","2012-11-13"
"664","typ","2012-11-13"
"665","od","2012-11-13"
"666","tipo","2012-11-23"
"667","nao","2012-11-23"
"668","long","2012-11-23"
"669","por","2012-11-23"
"670","primitivo","2012-11-23"
"671","nela","2012-11-23"
"672","extrai","2012-11-23"
"673","xxx","2012-11-23"
"674","acc","2012-11-23"
"675","ess","2012-11-23"
"676","float","2012-11-23"
"677","won","2012-11-23"
"678","doubl","2012-11-23"
"679","void","2012-11-23"
"680","chamada","2012-11-23"
"681","utilizar","2012-11-23"
"682","marcaco","2012-11-23"
"683","captura","2012-11-23"
"684","null","2012-11-23"
"685","primit","2012-11-23"
"686","para","2012-11-23"
"687","deve","2012-11-23"
"688","rigtht","2012-11-23"
"689","short","2012-11-23"
"690","procurar","2012-11-23"
"697","xmlresult","2013-06-01"
"698","csvresult","2013-06-01"
"700","temporary","2013-06-05"
"701","beginnig","2013-06-05"
"702","toda","2013-06-05"
"703","compon","2013-06-05"
"704","ap","2013-06-05"
"705","seleciona","2013-06-05"
"706","info","2013-06-05"
"707","entr","2013-06-05"
"708","we","2013-06-05"
"709","previous","2013-06-05"
"710","associ","2013-06-05"
"711","subfold","2013-06-05"
"712","qualquer","2013-06-05"
"713","entidad","2013-06-05"
"714","localizado","2013-06-05"
"715","consid","2013-06-05"
"716","don","2013-06-05"
"717","extrat","2013-06-05"
"718","have","2013-06-05"
"719","verify","2013-06-05"
"720","copy","2013-06-05"
"721","ma","2013-06-05"
"722","depoi","2013-06-05"
"723","corpo","2013-06-05"
"724","encapsulamento","2013-06-05"
"725","os","2013-06-05"
"726","ant","2013-06-05"
"727","plu","2013-06-05"
"731","jv","2014-01-30"
"732","executávei","2014-02-06"
"733","todo","2014-02-06"
"734","passar","2014-02-06"
"735","window","2014-02-06"
"736","ajustar","2014-02-06"
"737","serem","2014-02-06"
"738","também","2014-02-06"
"739","para","2014-02-06"
"740","os","2014-02-06"
"741","executado","2014-02-06"
"742","consertar","2014-02-06"
"743","executável","2014-02-06"
"744","ser","2014-02-06"
