"1","/src/main/java/:com.coravy.hudson.plugins.github.GithubLinkAnnotator$LinkMarkup","2009-06-11"
"2","/src/main/java/:com.coravy.hudson.plugins.github.PluginImpl","2009-06-11"
"3","/src/main/java/:com.coravy.hudson.plugins.github.GithubProjectProperty","2009-06-11"
"4","/src/main/java/:com.coravy.hudson.plugins.github.GithubUrl","2009-06-11"
"5","/src/main/java/:com.coravy.hudson.plugins.github.GithubProjectProperty$DescriptorImpl","2009-06-11"
"6","/src/main/java/:com.coravy.hudson.plugins.github.GithubLinkAction","2009-06-11"
"7","/src/test/java/:com.coravy.hudson.plugins.github.GithubUrlTest","2009-06-11"
"8","/src/test/java/:com.coravy.hudson.plugins.github.GithubLinkAnnotatorTest","2009-06-11"
"9","/src/main/java/:com.coravy.hudson.plugins.github.GithubLinkAnnotator","2009-06-11"
"16","/src/main/java/:com.cloudbees.jenkins.Credential$DescriptorImpl","2011-06-09"
"17","/src/main/java/:com.cloudbees.jenkins.GitHubPushCause","2011-06-09"
"18","/src/main/java/:com.cloudbees.jenkins.GitHubPushTrigger$DescriptorImpl","2011-06-09"
"19","/src/main/java/:com.cloudbees.jenkins.GitHubRepositoryName","2011-06-09"
"20","/src/main/java/:com.cloudbees.jenkins.Cleaner","2011-06-09"
"21","/src/main/java/:com.cloudbees.jenkins.GitHubWebHook","2011-06-09"
"22","/src/main/java/:com.cloudbees.jenkins.Credential","2011-06-09"
"23","/src/main/java/:com.cloudbees.jenkins.GitHubPushTrigger","2011-06-09"
"24","/src/main/java/:com.cloudbees.jenkins.GitHubPushTrigger$GitHubWebHookPollingAction","2011-06-09"
"31","/src/test/java/:com.coravy.hudson.plugins.github.GitHubRepositoryNameTest","2011-11-04"
"32","/src/test/java/:com.cloudbees.jenkins.GitHubPushTriggerConfigSubmitTest","2012-02-11"
"33","/src/main/java/:com.cloudbees.jenkins.GitHubTrigger","2012-03-08"
"34","/src/main/java/:com.cloudbees.jenkins.GitHubCommitNotifier","2012-10-22"
"35","/src/main/java/:com.cloudbees.jenkins.GitHubCommitNotifier$DescriptorImpl","2012-10-22"
"37","/src/main/java/:com.cloudbees.jenkins.GitHubCommitNotifier","2013-01-17"
"38","/src/main/java/:com.cloudbees.jenkins.GitHubCommitNotifier$DescriptorImpl","2013-01-17"
"40","/src/main/java/:com.cloudbees.jenkins.GitHubTrigger$GitHubRepositoryNameContributorImpl","2013-07-07"
"41","/src/main/java/:com.cloudbees.jenkins.GitHubRepositoryNameContributor","2013-07-07"
"42","/src/main/java/:com.cloudbees.jenkins.GitHubRepositoryNameContributor$FromSCM","2013-07-07"
"43","/src/main/java/:com.cloudbees.jenkins.GitHubWebHook$Listener","2013-08-27"
"44","/src/main/java/:com.cloudbees.jenkins.GitHubWebHookCrumbExclusion","2013-10-24"
"45","/src/main/java/:com.cloudbees.jenkins.GitHubWebHookCrumbExclusion","2014-06-08"
"46","/src/main/java/:com.cloudbees.jenkins.GitHubPendingCommitStatus$Descriptor","2014-06-19"
"47","/src/main/java/:com.cloudbees.jenkins.GitHubPendingCommitStatus","2014-06-19"
"49","/src/test/java/:com.cloudbees.jenkins.GitHubCommitNotifierTest","2014-10-13"
"50","/src/main/java/:org.jenkinsci.plugins.github.util.BuildDataHelper","2014-11-07"
"51","/src/test/java/:com.cloudbees.jenkins.GitHubSetCommitStatusBuilderTest","2014-11-07"
"52","/src/main/java/:com.cloudbees.jenkins.GitHubSetCommitStatusBuilder","2014-11-07"
"53","/src/main/java/:com.cloudbees.jenkins.GitHubSetCommitStatusBuilder$Descriptor","2014-11-07"
"57","/src/main/java/:com.cloudbees.jenkins.GitHubRepositoryNameContributor$AbstractFromSCMImpl","2014-11-17"
"58","/src/main/java/:com.cloudbees.jenkins.GitHubRepositoryNameContributor$FromMultiSCM","2014-11-17"
"60","/src/main/java/:org.jenkinsci.plugins.github.webhook.GHEventsListener","2015-06-17"
"61","/src/main/java/:org.jenkinsci.plugins.github.util.JobInfoHelpers","2015-06-17"
"62","/src/main/java/:org.jenkinsci.plugins.github.util.FluentIterableWrapper","2015-06-17"
"63","/src/main/java/:org.jenkinsci.plugins.github.webhook.GHEventsListener$DefaultPushGHEventListener","2015-06-17"
"64","/src/main/java/:org.jenkinsci.plugins.github.webhook.WebhookManager","2015-06-17"
"67","/src/test/java/:org.jenkinsci.plugins.github.webhook.listener.DefaultPushGHEventListenerTest","2015-07-03"
"68","/src/main/java/:org.jenkinsci.plugins.github.webhook.listener.DefaultPushGHEventListener","2015-07-03"
"69","/src/test/java/:org.jenkinsci.plugins.github.webhook.WebhookManagerTest","2015-07-03"
"70","/src/main/java/:org.jenkinsci.plugins.github.internal.GHPluginConfigException","2015-07-03"
"71","/src/test/java/:org.jenkinsci.plugins.github.util.JobInfoHelpersTest","2015-07-03"
"74","/src/main/java/:org.jenkinsci.plugins.github.webhook.subscriber.DefaultPushGHEventSubscriber","2015-07-05"
"75","/src/main/java/:org.jenkinsci.plugins.github.extension.GHEventsSubscriber","2015-07-05"
"76","/src/test/java/:org.jenkinsci.plugins.github.webhook.subscriber.DefaultPushGHEventListenerTest","2015-07-05"
"77","/src/test/java/:org.jenkinsci.plugins.github.extension.GHEventsSubscriberTest$NullSubscriber","2015-07-11"
"78","/src/test/java/:org.jenkinsci.plugins.github.webhook.GHEventHeaderTest","2015-07-11"
"79","/src/test/java/:com.cloudbees.jenkins.GitHubWebHookTest","2015-07-11"
"80","/src/test/java/:com.cloudbees.jenkins.GitHubWebHookTest$GotEventException","2015-07-11"
"81","/src/test/java/:com.cloudbees.jenkins.GitHubWebHookTest$IssueSubscriber","2015-07-11"
"82","/src/test/java/:org.jenkinsci.plugins.github.extension.GHEventsSubscriberTest","2015-07-11"
"83","/src/test/java/:org.jenkinsci.plugins.github.webhook.GHEventPayloadTest","2015-07-11"
"84","/src/test/java/:org.jenkinsci.plugins.github.webhook.RequirePostWithGHHookPayloadTest","2015-07-11"
"85","/src/test/java/:com.cloudbees.jenkins.GitHubWebHookFullTest","2015-07-11"
"92","/src/test/java/:com.cloudbees.jenkins.GitHubWebHookTest$PullRequestSubscriber","2015-07-19"
"93","/src/test/java/:com.cloudbees.jenkins.GitHubWebHookTest$TestSubscriber","2015-07-19"
"94","/src/test/java/:com.cloudbees.jenkins.GitHubWebHookTest$ThrowablePullRequestSubscriber","2015-07-19"
"95","/src/main/java/:org.jenkinsci.plugins.github.util.misc.NullSafeFunction","2015-07-29"
"96","/src/main/java/:org.jenkinsci.plugins.github.util.misc.NullSafePredicate","2015-07-29"
"98","/src/main/java/:org.jenkinsci.plugins.github.config.GitHubPluginConfig$GitHubPluginConfigDescriptor","2015-08-10"
"99","/src/main/java/:org.jenkinsci.plugins.github.deprecated.Credential","2015-08-10"
"100","/src/main/java/:org.jenkinsci.plugins.github.config.GitHubServerConfig$DescriptorImpl","2015-08-10"
"101","/src/main/java/:org.jenkinsci.plugins.github.GitHubPlugin","2015-08-10"
"102","/src/test/java/:com.cloudbees.jenkins.GlobalConfigSubmitTest","2015-08-10"
"103","/src/test/java/:org.jenkinsci.plugins.github.test.GitHubServerConfigMatcher","2015-08-10"
"104","/src/main/java/:org.jenkinsci.plugins.github.config.GitHubTokenCredentialsCreator","2015-08-10"
"105","/src/main/java/:org.jenkinsci.plugins.github.migration.Migrator","2015-08-10"
"106","/src/test/java/:org.jenkinsci.plugins.github.migration.MigratorTest","2015-08-10"
"107","/src/main/java/:org.jenkinsci.plugins.github.config.GitHubPluginConfig","2015-08-10"
"108","/src/test/java/:org.jenkinsci.plugins.github.config.GitHubServerConfigTest","2015-08-10"
"109","/src/test/java/:org.jenkinsci.plugins.github.config.GitHubPluginConfigTest","2015-08-10"
"110","/src/main/java/:org.jenkinsci.plugins.github.config.GitHubServerConfig","2015-08-10"
"113","/src/test/java/:org.jenkinsci.plugins.github.webhook.subscriber.PingGHEventSubscriberTest","2015-08-18"
"114","/src/main/java/:org.jenkinsci.plugins.github.webhook.subscriber.PingGHEventSubscriber","2015-08-18"
"116","/src/main/java/:com.cloudbees.jenkins.Credential","2015-09-01"
"117","/src/test/java/:com.cloudbees.jenkins.GitHubPushTriggerTest","2015-09-03"
"118","/src/main/java/:org.jenkinsci.plugins.github.config.GitHubServerConfig$ClientCacheFunction","2015-09-24"
"119","/src/main/java/:org.jenkinsci.plugins.github.internal.GitHubLoginFunction$OkHttpConnector","2015-09-24"
"120","/src/main/java/:org.jenkinsci.plugins.github.internal.GitHubLoginFunction","2015-09-24"
"121","/src/main/java/:org.jenkinsci.plugins.github.internal.GitHubClientCacheOps$WithEnabledCache","2015-10-06"
"122","/src/main/java/:org.jenkinsci.plugins.github.internal.GitHubClientCacheOps$NotInCachesFilter","2015-10-06"
"123","/src/main/java/:org.jenkinsci.plugins.github.internal.GitHubClientCacheOps","2015-10-06"
"124","/src/test/java/:org.jenkinsci.plugins.github.internal.GitHubClientCacheCleanupTest","2015-10-06"
"125","/src/main/java/:org.jenkinsci.plugins.github.internal.GitHubClientCacheOps$CacheToName","2015-10-06"
"126","/src/main/java/:org.jenkinsci.plugins.github.internal.GitHubClientCacheOps$ToCacheDir","2015-10-06"
"127","/src/test/java/:org.jenkinsci.plugins.github.internal.GitHubClientCacheOpsTest","2015-10-06"
"128","/src/test/java/:com.coravy.hudson.plugins.github.GithubProjectPropertyTest","2015-10-11"
"129","/src/test/java/:org.jenkinsci.plugins.github.test.GitHubRepoNameMatchers","2015-10-17"
"130","/src/test/java/:org.jenkinsci.plugins.github.common.ExpandableMessageTest$MessageExpander","2015-11-19"
"131","/src/main/java/:org.jenkinsci.plugins.github.common.ExpandableMessage","2015-11-19"
"132","/src/test/java/:org.jenkinsci.plugins.github.common.ExpandableMessageTest","2015-11-19"
"133","/src/main/java/:org.jenkinsci.plugins.github.common.ExpandableMessage$DescriptorImpl","2015-11-19"
"137","/src/main/java/:com.cloudbees.jenkins.GitHubCommitNotifier$StatusResult","2015-12-04"
"138","/src/test/java/:org.jenkinsci.plugins.github.test.GHMockRule","2015-12-21"
"139","/src/test/java/:org.jenkinsci.plugins.github.test.GHMockRule$FixedGHRepoNameTestContributor","2015-12-21"
"140","/src/test/java/:org.jenkinsci.plugins.github.test.InjectJenkinsMembersRule","2015-12-21"
"141","/src/main/java/:com.coravy.hudson.plugins.github.GithubLinkAction$GithubLinkActionFactory","2016-01-14"
"142","/src/test/java/:com.coravy.hudson.plugins.github.GithubLinkActionFactoryTest","2016-01-14"
"144","/src/main/java/:org.jenkinsci.plugins.github.admin.GitHubHookRegisterProblemMonitor$GitHubHookRegist","2016-01-26"
"145","/src/test/java/:org.jenkinsci.plugins.github.admin.GHRepoNameTest","2016-01-26"
"146","/src/test/java/:org.jenkinsci.plugins.github.admin.GitHubHookRegisterProblemMonitorTest","2016-01-26"
"147","/src/test/java/:org.jenkinsci.plugins.github.admin.ValidateRepoNameTest","2016-01-26"
"148","/src/main/java/:org.jenkinsci.plugins.github.admin.GitHubHookRegisterProblemMonitor","2016-01-26"
"151","/src/test/java/:org.jenkinsci.plugins.github.util.XSSApiTest","2016-03-16"
"152","/src/main/java/:org.jenkinsci.plugins.github.util.XSSApi","2016-03-16"
"154","/src/main/java/:org.jenkinsci.plugins.github.status.err.ShallowAnyErrorHandler","2016-04-18"
"155","/src/main/java/:org.jenkinsci.plugins.github.status.sources.BuildDataRevisionShaSource","2016-04-18"
"156","/src/main/java/:org.jenkinsci.plugins.github.status.GitHubCommitStatusSetter","2016-04-18"
"157","/src/main/java/:org.jenkinsci.plugins.github.common.ErrorHandler","2016-04-18"
"158","/src/main/java/:org.jenkinsci.plugins.github.status.sources.DefaultCommitContextSource","2016-04-18"
"159","/src/main/java/:org.jenkinsci.plugins.github.status.GitHubCommitStatusSetter$GitHubCommitStatusSette","2016-04-18"
"160","/src/main/java/:org.jenkinsci.plugins.github.status.err.ShallowAnyErrorHandler$ShallowAnyErrorHandle","2016-04-18"
"161","/src/main/java/:org.jenkinsci.plugins.github.extension.status.GitHubReposSource","2016-04-18"
"162","/src/main/java/:org.jenkinsci.plugins.github.status.sources.AnyDefinedRepositorySource$AnyDefinedRep","2016-04-18"
"163","/src/main/java/:org.jenkinsci.plugins.github.extension.status.GitHubCommitShaSource","2016-04-18"
"164","/src/main/java/:org.jenkinsci.plugins.github.status.sources.AnyDefinedRepositorySource","2016-04-18"
"165","/src/main/java/:org.jenkinsci.plugins.github.common.CombineErrorHandler","2016-04-18"
"166","/src/main/java/:org.jenkinsci.plugins.github.status.sources.DefaultStatusResultSource","2016-04-18"
"167","/src/main/java/:org.jenkinsci.plugins.github.extension.status.GitHubStatusResultSource","2016-04-18"
"168","/src/main/java/:org.jenkinsci.plugins.github.extension.status.GitHubStatusResultSource$StatusResult","2016-04-18"
"169","/src/main/java/:org.jenkinsci.plugins.github.extension.status.GitHubStatusContextSource","2016-04-18"
"170","/src/main/java/:org.jenkinsci.plugins.github.status.sources.DefaultStatusResultSource$DefaultResultS","2016-04-18"
"171","/src/main/java/:org.jenkinsci.plugins.github.common.CombineErrorHandler$ErrorHandlingException","2016-04-18"
"172","/src/main/java/:org.jenkinsci.plugins.github.status.sources.BuildDataRevisionShaSource$BuildDataRevi","2016-04-18"
"173","/src/main/java/:org.jenkinsci.plugins.github.status.sources.DefaultCommitContextSource$DefaultContex","2016-04-18"
"174","/src/main/java/:org.jenkinsci.plugins.github.extension.status.StatusErrorHandler","2016-04-18"
"185","/src/main/java/:org.jenkinsci.plugins.github.status.sources.misc.AnyBuildResult","2016-04-22"
"186","/src/main/java/:org.jenkinsci.plugins.github.status.sources.ManuallyEnteredShaSource$ManuallyEntered","2016-04-22"
"187","/src/main/java/:org.jenkinsci.plugins.github.status.sources.ManuallyEnteredShaSource","2016-04-22"
"188","/src/main/java/:org.jenkinsci.plugins.github.status.err.ChangingBuildStatusErrorHandler$ChangingBuil","2016-04-22"
"189","/src/main/java/:org.jenkinsci.plugins.github.status.sources.misc.AnyBuildResult$AnyBuildResultDescri","2016-04-22"
"190","/src/main/java/:org.jenkinsci.plugins.github.status.err.ChangingBuildStatusErrorHandler","2016-04-22"
"191","/src/main/java/:org.jenkinsci.plugins.github.status.sources.ConditionalStatusResultSource$Conditiona","2016-04-22"
"192","/src/main/java/:org.jenkinsci.plugins.github.status.sources.ManuallyEnteredCommitContextSource","2016-04-22"
"193","/src/main/java/:org.jenkinsci.plugins.github.extension.status.misc.ConditionalResult","2016-04-22"
"194","/src/main/java/:org.jenkinsci.plugins.github.status.sources.ConditionalStatusResultSource","2016-04-22"
"195","/src/main/java/:org.jenkinsci.plugins.github.status.sources.ManuallyEnteredCommitContextSource$Manua","2016-04-22"
"196","/src/main/java/:org.jenkinsci.plugins.github.extension.status.misc.ConditionalResult$ConditionalResu","2016-04-22"
"197","/src/main/java/:org.jenkinsci.plugins.github.status.sources.misc.BetterThanOrEqualBuildResult$Better","2016-04-22"
"198","/src/main/java/:org.jenkinsci.plugins.github.status.sources.misc.BetterThanOrEqualBuildResult","2016-04-22"
"200","/src/test/java/:org.jenkinsci.plugins.github.status.sources.misc.AnyBuildResultTest","2016-04-24"
"201","/src/test/java/:org.jenkinsci.plugins.github.common.CombineErrorHandlerTest","2016-04-24"
"202","/src/test/java/:org.jenkinsci.plugins.github.status.err.ErrorHandlersTest","2016-04-24"
"203","/src/test/java/:org.jenkinsci.plugins.github.status.sources.misc.BetterThanOrEqualBuildResultTest","2016-04-24"
"204","/src/test/java/:org.jenkinsci.plugins.github.status.sources.ManuallyEnteredSourcesTest","2016-04-24"
"205","/src/test/java/:org.jenkinsci.plugins.github.status.sources.DefaultStatusResultSourceTest","2016-04-24"
"206","/src/test/java/:org.jenkinsci.plugins.github.status.GitHubCommitStatusSetterTest","2016-04-24"
"207","/src/test/java/:org.jenkinsci.plugins.github.status.sources.ConditionalStatusResultSourceTest","2016-04-24"
"215","/src/main/java/:org.jenkinsci.plugins.github.status.sources.ManuallyEnteredRepositorySource$Manually","2016-07-21"
"216","/src/main/java/:org.jenkinsci.plugins.github.status.sources.ManuallyEnteredRepositorySource","2016-07-21"
"217","/src/test/java/:org.jenkinsci.plugins.github.status.sources.ManuallyEnteredRepositorySourceTest","2016-07-21"
"218","/src/test/java/:org.jenkinsci.plugins.github.config.HookSecretConfigTest","2016-08-12"
"219","/src/main/java/:org.jenkinsci.plugins.github.config.HookSecretConfig$DescriptorImpl","2016-08-12"
"220","/src/main/java/:org.jenkinsci.plugins.github.config.HookSecretConfig","2016-08-12"
"221","/src/test/java/:org.jenkinsci.plugins.github.test.HookSecretHelper","2016-08-12"
"222","/src/test/java/:org.jenkinsci.plugins.github.extension.CryptoUtilTest","2016-08-12"
"223","/src/main/java/:org.jenkinsci.plugins.github.webhook.GHWebhookSignature","2016-08-12"
"225","/src/main/java/:org.jenkinsci.plugins.github.status.sources.ManuallyEnteredBackrefSource$ManuallyEnt","2016-09-19"
"226","/src/main/java/:org.jenkinsci.plugins.github.extension.status.GitHubStatusBackrefSource","2016-09-19"
"227","/src/test/java/:org.jenkinsci.plugins.github.status.sources.BuildRefBackrefSourceTest","2016-09-19"
"228","/src/main/java/:org.jenkinsci.plugins.github.status.sources.BuildRefBackrefSource","2016-09-19"
"229","/src/main/java/:org.jenkinsci.plugins.github.status.sources.ManuallyEnteredBackrefSource","2016-09-19"
"230","/src/main/java/:org.jenkinsci.plugins.github.status.sources.BuildRefBackrefSource$BuildRefBackrefSou","2016-09-19"
"232","/src/test/java/:com.cloudbees.jenkins.GitHubWebHookCrumbExclusionTest","2016-11-16"
"233","/src/test/java/:org.jenkinsci.plugins.github.common.ParametersActionHelper","2016-11-25"
"234","/src/main/java/:com.cloudbees.jenkins.GitHubTriggerEvent$Builder","2017-02-10"
"235","/src/main/java/:org.jenkinsci.plugins.github.extension.GHSubscriberEvent","2017-02-10"
"236","/src/main/java/:com.cloudbees.jenkins.GitHubTriggerEvent","2017-02-10"
