"1","all","2009-06-11"
"2","process","2009-06-11"
"3","markup","2009-06-11"
"4","anyword","2009-06-11"
"5","d","2009-06-11"
"6","num","2009-06-11"
"7","pattern","2009-06-11"
"8","link","2009-06-11"
"9","matcher","2009-06-11"
"10","compil","2009-06-11"
"11","url","2009-06-11"
"12","w","2009-06-11"
"13","href","2009-06-11"
"14","text","2009-06-11"
"15","replac","2009-06-11"
"16","stefan","2009-06-11"
"17","com","2009-06-11"
"18","initi","2009-06-11"
"19","author","2009-06-11"
"20","start","2009-06-11"
"21","lt","2009-06-11"
"22","saasen","2009-06-11"
"23","hudson","2009-06-11"
"24","non","2009-06-11"
"25","gt","2009-06-11"
"26","impl","2009-06-11"
"27","javadoc","2009-06-11"
"28","see","2009-06-11"
"29","plugin","2009-06-11"
"30","stop","2009-06-11"
"31","post","2009-06-11"
"32","coravy","2009-06-11"
"33","string","2009-06-11"
"34","descripto","2009-06-11"
"35","properti","2009-06-11"
"36","project","2009-06-11"
"37","main","2009-06-11"
"38","descriptor","2009-06-11"
"39","overrid","2009-06-11"
"40","branch","2009-06-11"
"41","we","2009-06-11"
"42","public","2009-06-11"
"43","get","2009-06-11"
"44","now","2009-06-11"
"45","only","2009-06-11"
"46","property","2009-06-11"
"47","should","2009-06-11"
"48","action","2009-06-11"
"49","new","2009-06-11"
"50","github","2009-06-11"
"51","static","2009-06-11"
"52","store","2009-06-11"
"53","instead","2009-06-11"
"54","p","2009-06-11"
"55","todo","2009-06-11"
"56","r","2009-06-11"
"57","final","2009-06-11"
"58","relat","2009-06-11"
"59","job","2009-06-11"
"60","return","2009-06-11"
"61","base","2009-06-11"
"62","commit","2009-06-11"
"63","fac","2009-06-11"
"64","path","2009-06-11"
"65","juretta","2009-06-11"
"66","java","2009-06-11"
"67","id","2009-06-11"
"68","ur","2009-06-11"
"69","element","2009-06-11"
"70","tree","2009-06-11"
"71","particular","2009-06-11"
"72","sha","2009-06-11"
"73","input","2009-06-11"
"74","null","2009-06-11"
"75","util","2009-06-11"
"76","invalid","2009-06-11"
"77","faea","2009-06-11"
"78","http","2009-06-11"
"79","fc","2009-06-11"
"80","hash","2009-06-11"
"81","object","2009-06-11"
"82","code","2009-06-11"
"83","blank","2009-06-11"
"84","unwant","2009-06-11"
"85","git","2009-06-11"
"86","param","2009-06-11"
"87","end","2009-06-11"
"88","lang","2009-06-11"
"89","normal","2009-06-11"
"90","b","2009-06-11"
"91","contain","2009-06-11"
"92","c","2009-06-11"
"93","e","2009-06-11"
"94","g","2009-06-11"
"95","l","2009-06-11"
"96","master","2009-06-11"
"97","remov","2009-06-11"
"98","first","2009-06-11"
"99","append","2009-06-11"
"100","applic","2009-06-11"
"101","data","2009-06-11"
"102","display","2009-06-11"
"103","type","2009-06-11"
"104","bind","2009-06-11"
"105","load","2009-06-11"
"106","form","2009-06-11"
"107","tpp","2009-06-11"
"108","name","2009-06-11"
"109","json","2009-06-11"
"110","from","2009-06-11"
"111","page","2009-06-11"
"112","instanc","2009-06-11"
"113","assign","2009-06-11"
"114","req","2009-06-11"
"115","icon","2009-06-11"
"116","file","2009-06-11"
"117","sidebar","2009-06-11"
"118","logo","2009-06-11"
"119","model","2009-06-11"
"120","add","2009-06-11"
"121","png","2009-06-11"
"122","octocat","2009-06-11"
"123","unstabl","2009-06-11"
"124","down","2009-06-11"
"125","tear","2009-06-11"
"126","assert","2009-06-11"
"127","up","2009-06-11"
"128","set","2009-06-11"
"129","test","2009-06-11"
"130","tool","2009-06-11"
"131","equal","2009-06-11"
"132","iphon","2009-06-11"
"133","origin","2009-06-11"
"134","annot","2009-06-11"
"135","expect","2009-06-11"
"136","find","2009-06-11"
"137","issu","2009-06-11"
"138","close","2009-06-11"
"139","about","2009-06-11"
"140","structur","2009-06-11"
"141","trac","2009-06-11"
"142","class","2009-06-11"
"143","us","2009-06-11"
"144","encapsul","2009-06-11"
"145","apo","2009-06-11"
"146","changelog","2009-06-11"
"147","cs","2009-06-11"
"148","knowledg","2009-06-11"
"149","build","2009-06-11"
"150","chang","2009-06-11"
"151","wrap","2009-06-11"
"256","logov","2009-06-25"
"257","empty","2011-02-14"
"258","singleton","2011-02-14"
"259","list","2011-02-14"
"260","collect","2011-02-14"
"264","hub","2011-06-03"
"265","credenti","2011-06-09"
"266","verifi","2011-06-09"
"267","secret","2011-06-09"
"268","do","2011-06-09"
"269","error","2011-06-09"
"270","valid","2011-06-09"
"271","fail","2011-06-09"
"272","password","2011-06-09"
"273","usernam","2011-06-09"
"274","ok","2011-06-09"
"275","account","2011-06-09"
"276","connect","2011-06-09"
"277","kohsuk","2011-06-09"
"278","start","2011-06-09"
"279","say","2011-06-09"
"280","kawaguchi","2011-06-09"
"281","push","2011-06-09"
"282","caus","2011-06-09"
"283","hook","2011-06-09"
"284","post","2011-06-09"
"285","ui","2011-06-09"
"286","short","2011-06-09"
"287","descript","2011-06-09"
"288","allow","2011-06-09"
"289","auto","2011-06-09"
"290","valu","2011-06-09"
"291","save","2011-06-09"
"292","when","2011-06-09"
"293","mode","2011-06-09"
"294","item","2011-06-09"
"295","trigger","2011-06-09"
"296","hookurl","2011-06-09"
"297","manag","2011-06-09"
"298","o","2011-06-09"
"299","configur","2011-06-09"
"300","true","2011-06-09"
"301","ha","2011-06-09"
"302","jenkin","2011-06-09"
"303","queue","2011-06-09"
"304","logger","2011-06-09"
"305","repository","2011-06-09"
"306","uniqu","2011-06-09"
"307","identifi","2011-06-09"
"308","resolv","2011-06-09"
"309","user","2011-06-09"
"310","been","2011-06-09"
"311","run","2011-06-09"
"312","hit","2011-06-09"
"313","too","2011-06-09"
"314","have","2011-06-09"
"315","period","2011-06-09"
"316","recurr","2011-06-09"
"317","work","2011-06-09"
"318","could","2011-06-09"
"319","cleaner","2011-06-09"
"320","outer","2011-06-09"
"321","clear","2011-06-09"
"322","often","2011-06-09"
"323","call","2011-06-09"
"324","longer","2011-06-09"
"325","delay","2011-06-09"
"326","stop","2011-06-09"
"327","avoid","2011-06-09"
"328","repositori","2011-06-09"
"329","milli","2011-06-09"
"330","care","2011-06-09"
"331","fashion","2011-06-09"
"332","extens","2011-06-09"
"333","bad","2011-06-09"
"334","afba","2011-06-09"
"335","creat","2011-06-09"
"336","ac","2011-06-09"
"337","ad","2011-06-09"
"338","af","2011-06-09"
"339","index","2011-06-09"
"340","befor","2011-06-09"
"341","detail","2011-06-09"
"342","bf","2011-06-09"
"343","log","2011-06-09"
"344","repo","2011-06-09"
"345","paramet","2011-06-09"
"346","login","2011-06-09"
"347","result","2011-06-09"
"348","search","2011-06-09"
"349","web","2011-06-09"
"350","after","2011-06-09"
"351","anoth","2011-06-09"
"352","email","2011-06-09"
"353","timestamp","2011-06-09"
"354","cc","2011-06-09"
"355","kk","2011-06-09"
"356","f","2011-06-09"
"357","hide","2011-06-09"
"358","homepag","2011-06-09"
"359","open","2011-06-09"
"360","dc","2011-06-09"
"361","dd","2011-06-09"
"362","pusher","2011-06-09"
"363","webhook","2011-06-09"
"364","receiv","2011-06-09"
"365","wiki","2011-06-09"
"366","forc","2011-06-09"
"367","download","2011-06-09"
"368","ref","2011-06-09"
"369","payload","2011-06-09"
"370","fine","2011-06-09"
"371","ea","2011-06-09"
"372","ed","2011-06-09"
"373","info","2011-06-09"
"374","watcher","2011-06-09"
"375","ef","2011-06-09"
"376","given","2011-06-09"
"377","fals","2011-06-09"
"378","privat","2011-06-09"
"379","fa","2011-06-09"
"380","compar","2011-06-09"
"381","full","2011-06-09"
"382","ns","2011-06-09"
"383","foo","2011-06-09"
"384","head","2011-06-09"
"385","messag","2011-06-09"
"386","owner","2011-06-09"
"387","modifi","2011-06-09"
"388","org","2011-06-09"
"389","fork","2011-06-09"
"390","po","2011-06-09"
"391","access","2011-06-09"
"392","plain","2011-06-09"
"393","date","2011-06-09"
"394","poll","2011-06-09"
"395","listen","2011-06-09"
"396","record","2011-06-09"
"397","scm","2011-06-09"
"398","took","2011-06-09"
"399","read","2011-06-09"
"400","last","2011-06-09"
"401","made","2011-06-09"
"402","format","2011-06-09"
"403","done","2011-06-09"
"404","system","2011-06-09"
"405","activ","2011-06-09"
"406","doe","2011-06-09"
"407","schedul","2011-06-09"
"408","prevent","2011-06-09"
"409","sc","2011-06-09"
"410","current","2011-06-09"
"411","println","2011-06-09"
"412","execut","2011-06-09"
"413","found","2011-06-09"
"414","m","2011-06-09"
"415","time","2011-06-09"
"416","span","2011-06-09"
"417","gif","2011-06-09"
"418","clipboard","2011-06-09"
"419","out","2011-06-09"
"420","output","2011-06-09"
"421","html","2011-06-09"
"422","write","2011-06-09"
"423","writer","2011-06-09"
"424","sinc","2011-06-09"
"520","array","2011-11-01"
"521","host","2011-11-01"
"522","warn","2011-11-01"
"523","malform","2011-11-01"
"524","match","2011-11-01"
"527","other","2011-11-04"
"528","company","2011-11-04"
"529","net","2011-11-04"
"530","gh","2011-11-04"
"531","employe","2011-11-04"
"532","jenkinsci","2011-11-04"
"533","unit","2011-11-04"
"534","colon","2011-11-04"
"535","pars","2011-11-04"
"536","specifi","2011-11-04"
"537","urlmust","2011-11-04"
"538","cannot","2011-11-04"
"542","context","2012-01-07"
"543","old","2012-01-07"
"544","secur","2012-01-07"
"545","authent","2012-01-07"
"546","holder","2012-01-07"
"549","multi","2012-02-07"
"550","multipl","2012-02-07"
"551","ms","2012-02-07"
"552","without","2012-02-09"
"553","css","2012-02-11"
"554","none","2012-02-11"
"555","check","2012-02-11"
"556","statu","2012-02-11"
"557","script","2012-02-11"
"558","size","2012-02-11"
"559","except","2012-02-11"
"560","submit","2012-02-11"
"561","manual","2012-02-11"
"562","workaround","2012-02-11"
"563","seiji","2012-02-11"
"564","client","2012-02-11"
"565","enabl","2012-02-11"
"566","sogab","2012-02-11"
"567","attribut","2012-02-11"
"568","go","2012-02-11"
"569","throw","2012-02-11"
"570","config","2012-02-11"
"584","aaronwalk","2012-03-08"
"585","extern","2012-03-23"
"586","api","2012-03-23"
"587","void","2012-03-23"
"588","method","2012-03-23"
"589","like","2012-03-23"
"590","mayb","2012-03-23"
"591","updat","2012-03-23"
"592","map","2012-03-23"
"593","someth","2012-03-23"
"600","v","2012-05-31"
"601","depend","2012-05-31"
"602","attempt","2012-05-31"
"603","permiss","2012-05-31"
"604","you","2012-05-31"
"605","pointer","2012-05-31"
"606","method","2012-05-31"
"607","them","2012-05-31"
"608","each","2012-05-31"
"609","suitabl","2012-05-31"
"610","variat","2012-05-31"
"611","question","2012-05-31"
"612","abl","2012-05-31"
"613","right","2012-05-31"
"614","filter","2012-05-31"
"615","doesn","2012-05-31"
"616","actual","2012-05-31"
"617","need","2012-05-31"
"618","might","2012-05-31"
"619","itr","2012-05-31"
"620","referenc","2012-05-31"
"621","keep","2012-05-31"
"622","try","2012-05-31"
"623","some","2012-05-31"
"624","reli","2012-05-31"
"625","can","2012-05-31"
"626","candid","2012-05-31"
"627","possibl","2012-05-31"
"628","just","2012-05-31"
"629","on","2012-05-31"
"630","caller","2012-05-31"
"631","what","2012-05-31"
"632","refer","2012-05-31"
"633","until","2012-05-31"
"634","walk","2012-05-31"
"635","extern","2012-05-31"
"636","api","2012-05-31"
"637","void","2012-05-31"
"638","like","2012-05-31"
"639","mayb","2012-05-31"
"640","updat","2012-05-31"
"641","map","2012-05-31"
"642","someth","2012-05-31"
"663","who","2012-08-15"
"664","gmail","2012-10-22"
"665","de","2012-10-22"
"666","requir","2012-10-22"
"667","listen","2012-10-22"
"668","built","2012-10-22"
"669","loof","2012-10-22"
"670","perform","2012-10-22"
"671","monitor","2012-10-22"
"672","servic","2012-10-22"
"673","nicola","2012-10-22"
"674","mailto","2012-10-22"
"675","revis","2012-10-22"
"676","quot","2012-10-22"
"677","deloof","2012-10-22"
"678","notifi","2012-10-22"
"679","launcher","2012-10-22"
"695","specify","2012-11-15"
"696","must","2012-11-15"
"697","brows","2012-11-15"
"698","interact","2012-11-15"
"699","intend","2012-11-15"
"702","fix","2013-01-06"
"703","enterpris","2013-01-06"
"704","token","2013-01-06"
"705","gmail","2013-01-17"
"706","de","2013-01-17"
"707","requir","2013-01-17"
"708","listen","2013-01-17"
"709","built","2013-01-17"
"710","loof","2013-01-17"
"711","perform","2013-01-17"
"712","monitor","2013-01-17"
"713","servic","2013-01-17"
"714","nicola","2013-01-17"
"715","mailto","2013-01-17"
"716","revis","2013-01-17"
"717","quot","2013-01-17"
"718","deloof","2013-01-17"
"719","notifi","2013-01-17"
"720","launcher","2013-01-17"
"736","suffix","2013-02-15"
"737","oauth","2013-04-20"
"738","bad","2013-05-15"
"739","whitespac","2013-05-15"
"740","suffix","2013-05-15"
"741","miss","2013-05-15"
"742","trail","2013-05-15"
"743","protocol","2013-05-15"
"744","trim","2013-05-15"
"745","floodgap","2013-05-15"
"746","gopher","2013-05-15"
"747","slash","2013-05-15"
"748","construct","2013-05-15"
"753","oauth","2013-06-21"
"754","construct","2013-07-07"
"755","associ","2013-07-07"
"756","contribut","2013-07-07"
"757","contributor","2013-07-07"
"758","backward","2013-07-07"
"759","compat","2013-07-07"
"760","outcom","2013-07-07"
"761","notif","2013-07-07"
"762","maintain","2013-07-07"
"763","own","2013-07-07"
"764","pick","2013-07-07"
"765","me","2013-07-07"
"766","implement","2013-07-07"
"767","obtain","2013-07-07"
"768","worry","2013-07-07"
"769","it","2013-07-07"
"770","look","2013-07-07"
"771","altern","2013-07-07"
"772","option","2013-07-07"
"773","document","2013-07-07"
"774","tod","2013-07-07"
"775","continu","2013-07-07"
"776","deprec","2013-07-07"
"777","interfac","2013-07-07"
"778","abstract","2013-07-07"
"779","watch","2013-07-07"
"780","definit","2013-07-07"
"781","point","2013-07-07"
"782","put","2013-07-07"
"783","bad","2013-07-07"
"784","whitespac","2013-07-07"
"785","suffix","2013-07-07"
"786","miss","2013-07-07"
"787","trail","2013-07-07"
"788","protocol","2013-07-07"
"789","trim","2013-07-07"
"790","floodgap","2013-07-07"
"791","gopher","2013-07-07"
"792","slash","2013-07-07"
"793","default","2013-07-07"
"817","may","2013-08-27"
"818","specif","2013-08-27"
"819","interest","2013-08-27"
"820","chain","2013-10-24"
"821","resp","2013-10-24"
"822","crumb","2013-10-24"
"823","exclus","2013-10-24"
"824","urlnam","2013-10-24"
"827","jso","2013-10-25"
"828","couldn","2013-10-25"
"829","found","2013-10-25"
"830","nullify","2013-10-25"
"831","n","2013-10-25"
"834","event","2014-03-15"
"835","x","2014-03-15"
"836","header","2014-03-15"
"837","jso","2014-06-08"
"838","couldn","2014-06-08"
"839","found","2014-06-08"
"840","nullify","2014-06-08"
"841","n","2014-06-08"
"842","chain","2014-06-08"
"843","resp","2014-06-08"
"844","crumb","2014-06-08"
"845","exclus","2014-06-08"
"846","urlnam","2014-06-08"
"852","pend","2014-06-19"
"853","specify","2014-07-14"
"854","must","2014-07-14"
"855","brows","2014-07-14"
"856","interact","2014-07-14"
"857","intend","2014-07-14"
"860","env","2014-09-04"
"861","metadata","2014-10-12"
"862","determin","2014-10-12"
"863","report","2014-10-12"
"864","retriev","2014-10-12"
"868","rule","2014-10-13"
"869","schedul","2014-10-13"
"870","oleg","2014-10-13"
"871","free","2014-10-13"
"872","nenashev","2014-10-13"
"873","prj","2014-10-13"
"874","exist","2014-10-13"
"875","publish","2014-10-13"
"876","nowher","2014-10-13"
"877","style","2014-10-13"
"883","failur","2014-10-26"
"884","success","2014-10-26"
"885","mark","2014-10-26"
"886","than","2014-10-26"
"887","version","2014-10-26"
"888","wors","2014-10-26"
"889","effect","2014-10-26"
"890","support","2014-10-26"
"891","println","2014-10-26"
"892","defin","2014-10-26"
"893","packag","2014-10-26"
"894","fill","2014-10-26"
"898","helper","2014-11-07"
"899","common","2014-11-07"
"900","io","2014-11-07"
"901","la","2014-11-07"
"902","handl","2014-11-07"
"903","builder","2014-11-07"
"904","pend","2014-11-07"
"905","interrupt","2014-11-08"
"906","commun","2014-11-08"
"907","server","2014-11-08"
"908","fatal","2014-11-08"
"909","m","2014-11-08"
"910","due","2014-11-08"
"912","con","2014-11-17"
"913","ident","2014-11-17"
"914","your","2014-11-17"
"915","got","2014-11-17"
"916","talk","2014-11-17"
"917","app","2014-11-17"
"918","opt","2014-11-17"
"919","field","2014-11-17"
"920","request","2014-11-17"
"921","respons","2014-11-17"
"922","key","2014-11-17"
"923","any","2014-11-17"
"924","differ","2014-11-17"
"925","boolean","2014-11-17"
"926","separ","2014-11-17"
"927","make","2014-11-17"
"928","present","2014-11-17"
"929","rsp","2014-11-17"
"930","endpoint","2014-11-17"
"943","regist","2015-03-27"
"944","re","2015-03-28"
"945","shut","2015-03-28"
"946","already","2015-03-28"
"947","tri","2015-03-28"
"948","groovy","2015-03-28"
"951","debug","2015-06-16"
"952","kiril","2015-06-17"
"953","want","2015-06-17"
"954","lanwen","2015-06-17"
"955","extract","2015-06-17"
"956","merkushev","2015-06-17"
"957","ask","2015-06-17"
"958","time","2015-06-17"
"959","buildabl","2015-06-17"
"960","reregist","2015-06-17"
"961","convert","2015-06-17"
"962","ignor","2015-06-17"
"963","hold","2015-06-17"
"964","function","2015-06-17"
"965","which","2015-06-17"
"966","apply","2015-06-17"
"967","predic","2015-06-17"
"968","help","2015-06-17"
"969","clazz","2015-06-17"
"970","instanti","2015-06-17"
"971","disabl","2015-06-17"
"972","transform","2015-06-17"
"973","addit","2015-06-17"
"974","prepar","2015-06-17"
"975","reconfigur","2015-06-17"
"976","namesq","2015-06-17"
"977","pass","2015-06-17"
"978","concat","2015-06-17"
"979","sync","2015-06-17"
"980","cleanup","2015-06-17"
"981","aliv","2015-06-17"
"982","safe","2015-06-17"
"983","next","2015-06-17"
"984","unregist","2015-06-17"
"985","so","2015-06-17"
"986","thread","2015-06-17"
"987","fetch","2015-06-17"
"988","mostly","2015-06-17"
"989","concaten","2015-06-17"
"990","wrapper","2015-06-17"
"991","correspond","2015-06-17"
"992","those","2015-06-17"
"993","iter","2015-06-17"
"994","thrown","2015-06-17"
"995","fluent","2015-06-17"
"996","whose","2015-06-17"
"997","itself","2015-06-17"
"998","travers","2015-06-17"
"999","immut","2015-06-17"
"1000","appli","2015-06-17"
"1001","satisfi","2015-06-17"
"1002","combin","2015-06-17"
"1003","copy","2015-06-17"
"1004","copypast","2015-06-17"
"1005","necessary","2015-06-17"
"1006","satisfy","2015-06-17"
"1007","follow","2015-06-17"
"1008","duplic","2015-06-17"
"1009","guava","2015-06-17"
"1010","enum","2015-06-17"
"1011","case","2015-06-17"
"1012","runnabl","2015-06-17"
"1013","abil","2015-06-17"
"1014","delet","2015-06-17"
"1015","incapsul","2015-06-17"
"1016","subscrib","2015-06-17"
"1017","alway","2015-06-17"
"1018","logic","2015-06-17"
"1019","standard","2015-06-17"
"1020","prepend","2015-06-17"
"1021","manipul","2015-06-17"
"1022","cloudbe","2015-06-17"
"1023","format","2015-06-17"
"1024","admin","2015-06-17"
"1025","annihil","2015-06-17"
"1026","calcul","2015-06-17"
"1027","otherwis","2015-06-17"
"1028","clean","2015-06-17"
"1029","comment","2015-06-17"
"1030","redund","2015-06-17"
"1031","merg","2015-06-17"
"1032","perman","2015-06-17"
"1033","registr","2015-06-17"
"1034","block","2015-06-17"
"1035","lazily","2015-06-17"
"1079","date","2015-07-03"
"1080","be","2015-07-03"
"1081","provid","2015-07-03"
"1082","every","2015-07-03"
"1083","del","2015-07-03"
"1084","extern","2015-07-03"
"1085","nonact","2015-07-03"
"1086","both","2015-07-03"
"1087","never","2015-07-03"
"1088","prhook","2015-07-03"
"1089","mock","2015-07-03"
"1090","spy","2015-07-03"
"1091","noth","2015-07-03"
"1092","search","2015-07-03"
"1093","prop","2015-07-03"
"1094","verify","2015-07-03"
"1095","map","2015-07-03"
"1096","pull","2015-07-03"
"1097","arg","2015-07-03"
"1098","global","2015-07-03"
"1099","h","2015-07-03"
"1100","mailform","2015-07-03"
"1101","ping","2015-07-03"
"1102","getter","2015-07-03"
"1103","exc","2015-07-03"
"1104","dont","2015-07-03"
"1105","skip","2015-07-03"
"1110","—Ålean","2015-07-05"
"1111","acl","2015-07-11"
"1112","imperson","2015-07-11"
"1113","unknown","2015-07-11"
"1114","ann","2015-07-11"
"1115","wrong","2015-07-11"
"1116","resourc","2015-07-11"
"1117","classpath","2015-07-11"
"1118","against","2015-07-11"
"1119","content","2015-07-11"
"1120","pu","2015-07-11"
"1121","directly","2015-07-11"
"1122","don","2015-07-11"
"1123","root","2015-07-11"
"1124","parseabl","2015-07-11"
"1125","greater","2015-07-11"
"1126","ge","2015-07-11"
"1127","count","2015-07-11"
"1128","less","2015-07-11"
"1129","loader","2015-07-11"
"1130","body","2015-07-11"
"1131","spec","2015-07-11"
"1132","lower","2015-07-11"
"1133","stream","2015-07-11"
"1134","err","2015-07-11"
"1135","self","2015-07-11"
"1136","setup","2015-07-11"
"1142","exampl","2015-07-12"
"1143","member","2015-07-19"
"1144","catch","2015-07-19"
"1145","injector","2015-07-19"
"1146","throwabl","2015-07-19"
"1147","inject","2015-07-19"
"1148","went","2015-07-19"
"1149","someth","2015-07-19"
"1150","argument","2015-07-29"
"1151","inner","2015-07-29"
"1152","insid","2015-07-29"
"1153","precondit","2015-07-29"
"1154","absent","2015-07-29"
"1155","possibi","2015-07-29"
"1156","state","2015-07-29"
"1157","compar","2015-08-10"
"1158","same","2015-08-10"
"1159","cred","2015-08-10"
"1160","avail","2015-08-10"
"1161","or","2015-08-10"
"1162","more","2015-08-10"
"1163","migrat","2015-08-10"
"1164","pleas","2015-08-10"
"1165","select","2015-08-10"
"1166","auth","2015-08-10"
"1167","limit","2015-08-10"
"1168","ap","2015-08-10"
"1169","rate","2015-08-10"
"1170","lookup","2015-08-10"
"1171","i","2015-08-10"
"1172","uri","2015-08-10"
"1173","shortcut","2015-08-10"
"1174","xml","2015-08-10"
"1175","ready","2015-08-10"
"1176","alias","2015-08-10"
"1177","init","2015-08-10"
"1178","initi","2015-08-10"
"1179","launch","2015-08-10"
"1180","alia","2015-08-10"
"1181","entry","2015-08-10"
"1182","befor","2015-08-10"
"1183","simplify","2015-08-10"
"1184","turn","2015-08-10"
"1185","checkbox","2015-08-10"
"1186","conf","2015-08-10"
"1187","custom","2015-08-10"
"1188","consist","2015-08-10"
"1189","newly","2015-08-10"
"1190","password","2015-08-10"
"1191","gener","2015-08-10"
"1192","specify","2015-08-10"
"1193","secur","2015-08-10"
"1194","domain","2015-08-10"
"1195","status","2015-08-10"
"1196","scheme","2015-08-10"
"1197","creator","2015-08-10"
"1198","plain","2015-08-10"
"1199","privat","2015-08-10"
"1200","person","2015-08-10"
"1201","autogener","2015-08-10"
"1202","why","2015-08-10"
"1203","interact","2015-08-10"
"1204","scope","2015-08-10"
"1205","previous","2015-08-10"
"1206","plaincredenti","2015-08-10"
"1207","way","2015-08-10"
"1208","problem","2015-08-10"
"1209","critic","2015-08-10"
"1210","move","2015-08-10"
"1211","clear","2015-08-10"
"1212","crete","2015-08-10"
"1213","import","2015-08-10"
"1214","local","2015-08-10"
"1215","prefix","2015-08-10"
"1216","reflect","2015-08-10"
"1217","authent","2015-08-10"
"1218","must","2015-08-10"
"1219","lazy","2015-08-10"
"1220","obj","2015-08-10"
"1221","etc","2015-08-10"
"1222","policy","2015-08-10"
"1223","while","2015-08-10"
"1224","xstream","2015-08-10"
"1225","skip","2015-08-10"
"1226","mang","2015-08-10"
"1227","toke","2015-08-10"
"1228","even","2015-08-10"
"1229","explicitly","2015-08-10"
"1230","affect","2015-08-10"
"1231","secret","2015-08-10"
"1232","lot","2015-08-10"
"1233","many","2015-08-10"
"1234","hide","2015-08-10"
"1235","unkn","2015-08-10"
"1236","earlier","2015-08-10"
"1237","uncheck","2015-08-10"
"1238","repres","2015-08-10"
"1239","here","2015-08-10"
"1240","const","2015-08-10"
"1241","becaus","2015-08-10"
"1242","part","2015-08-10"
"1243","multiply","2015-08-10"
"1244","pair","2015-08-10"
"1284","simplifi","2015-08-17"
"1285","node","2015-08-17"
"1286","long","2015-08-17"
"1287","thoughtwork","2015-08-17"
"1288","tag","2015-08-17"
"1291","utf","2015-08-18"
"1292","describ","2015-08-31"
"1293","readabi","2015-08-31"
"1294","better","2015-08-31"
"1295","via","2015-09-01"
"1296","nonnul","2015-09-01"
"1297","javadoc","2015-09-01"
"1298","signatur","2015-09-01"
"1299","over","2015-09-01"
"1300","trace","2015-09-01"
"1302","workflow","2015-09-03"
"1303","zero","2015-09-03"
"1304","number","2015-09-03"
"1305","real","2015-09-03"
"1306","internet","2015-09-03"
"1307","wait","2015-09-03"
"1308","rule","2015-09-03"
"1309","sleep","2015-09-03"
"1310","quiet","2015-09-03"
"1311","j","2015-09-03"
"1312","var","2015-09-03"
"1313","child","2015-09-03"
"1314","parameter","2015-09-03"
"1315","mix","2015-09-03"
"1316","overridden","2015-09-03"
"1317","overload","2015-09-03"
"1333","factory","2015-09-24"
"1334","cach","2015-09-24"
"1335","verifi","2015-09-24"
"1336","orgp","2015-09-24"
"1337","past","2015-09-24"
"1338","connector","2015-09-24"
"1339","extra","2015-09-24"
"1340","off","2015-09-24"
"1341","featur","2015-09-24"
"1342","mb","2015-09-24"
"1343","capac","2015-09-24"
"1344","int","2015-09-24"
"1345","handler","2015-09-24"
"1346","section","2015-09-24"
"1347","dir","2015-09-24"
"1348","okhttp","2015-09-24"
"1349","proxy","2015-09-24"
"1350","squar","2015-09-24"
"1351","where","2015-09-24"
"1352","backend","2015-09-24"
"1353","place","2015-09-24"
"1354","advanc","2015-09-24"
"1355","organ","2015-09-24"
"1356","unexpect","2015-09-24"
"1357","opt","2015-09-24"
"1358","creation","2015-09-24"
"1359","mayb","2015-09-24"
"1364","lead","2015-09-27"
"1365","behaviour","2015-09-27"
"1366","directory","2015-09-27"
"1367","myself","2015-10-06"
"1368","accept","2015-10-06"
"1369","keirurna","2015-10-06"
"1370","rel","2015-10-06"
"1371","folder","2015-10-06"
"1372","exclud","2015-10-06"
"1373","op","2015-10-06"
"1374","home","2015-10-06"
"1375","invok","2015-10-06"
"1376","oper","2015-10-06"
"1377","directori","2015-10-06"
"1378","stub","2015-10-06"
"1379","localhost","2015-10-06"
"1380","port","2015-10-06"
"1381","charset","2015-10-06"
"1382","make","2015-10-06"
"1383","murmur","2015-10-06"
"1384","hasher","2015-10-06"
"1385","eq","2015-10-06"
"1386","absolut","2015-10-06"
"1398","tmp","2015-10-07"
"1399","abc","2015-10-07"
"1401","constructor","2015-10-11"
"1402","els","2015-10-11"
"1403","done","2015-10-11"
"1404","str","2015-10-11"
"1405","uninstanti","2015-10-11"
"1406","trip","2015-10-11"
"1407","roundtrip","2015-10-11"
"1408","round","2015-10-11"
"1409","parent","2015-10-11"
"1416","pp","2015-10-17"
"1417","direct","2015-10-17"
"1418","vs","2015-10-17"
"1419","reponam","2015-10-17"
"1423","context","2015-11-19"
"1424","expand","2015-11-19"
"1425","instal","2015-11-19"
"1426","wiki","2015-11-19"
"1427","environ","2015-11-19"
"1428","tip","2015-11-19"
"1429","kanstantsin","2015-11-19"
"1430","ext","2015-11-19"
"1431","usual","2015-11-19"
"1432","templat","2015-11-19"
"1433","shautsou","2015-11-19"
"1434","scrip","2015-11-19"
"1435","karpovich","2015-11-19"
"1436","alina","2015-11-19"
"1437","email","2015-11-19"
"1438","macro","2015-11-19"
"1439","ci","2015-11-19"
"1440","also","2015-11-19"
"1441","consol","2015-11-19"
"1442","under","2015-11-19"
"1443","msg","2015-11-19"
"1444","genera","2015-11-19"
"1445","buil","2015-11-19"
"1446","val","2015-11-19"
"1447","inf","2015-11-19"
"1448","titl","2015-11-19"
"1454","durat","2015-12-04"
"1455","span","2015-12-04"
"1457","prep","2015-12-21"
"1458","rev","2015-12-21"
"1459","step","2015-12-21"
"1460","develop","2015-12-21"
"1461","predefin","2015-12-21"
"1462","ready","2015-12-21"
"1463","firstly","2015-12-21"
"1464","yet","2015-12-21"
"1465","wiremock","2015-12-21"
"1466","closur","2015-12-21"
"1467","fix","2015-12-21"
"1468","usag","2015-12-21"
"1469","final","2015-12-21"
"1470","outer","2015-12-21"
"1471","around","2015-12-21"
"1472","workspac","2015-12-28"
"1473","ws","2015-12-28"
"1475","factor","2016-01-14"
"1476","administr","2016-01-26"
"1477","img","2016-01-26"
"1478","displaynam","2016-01-26"
"1479","svg","2016-01-26"
"1480","subsc","2016-01-26"
"1481","subscr","2016-01-26"
"1482","wari","2016-01-26"
"1483","anno","2016-01-26"
"1484","deactiv","2016-01-26"
"1485","reg","2016-01-26"
"1486","twice","2016-01-26"
"1487","disignor","2016-01-26"
"1488","show","2016-01-26"
"1489","anyth","2016-01-26"
"1490","report","2016-01-26"
"1491","processor","2016-01-26"
"1492","target","2016-01-26"
"1493","invoc","2016-01-26"
"1494","instruct","2016-01-26"
"1495","least","2016-01-26"
"1496","precondit","2016-01-26"
"1497","visibl","2016-01-26"
"1498","ye","2016-01-26"
"1499","fire","2016-01-26"
"1500","unmarsh","2016-01-26"
"1501","bulk","2016-01-26"
"1502","anyon","2016-01-26"
"1503","tabl","2016-01-26"
"1504","savabl","2016-01-26"
"1505","known","2016-01-26"
"1506","persist","2016-01-26"
"1507","redirect","2016-01-26"
"1508","restart","2016-01-26"
"1509","saveabl","2016-01-26"
"1510","him","2016-01-26"
"1511","act","2016-01-26"
"1512","whether","2016-01-26"
"1513","simpl","2016-01-26"
"1514","send","2016-01-26"
"1515","reload","2016-01-26"
"1516","track","2016-01-26"
"1517","said","2016-01-26"
"1518","respond","2016-01-26"
"1539","deprecatedjust","2016-03-07"
"1540","even","2016-03-08"
"1541","affect","2016-03-08"
"1542","earlier","2016-03-08"
"1543","sanit","2016-03-16"
"1544","alert","2016-03-16"
"1545","bla","2016-03-16"
"1546","xss","2016-03-16"
"1547","javascript","2016-03-16"
"1548","abcxyz","2016-03-16"
"1549","insert","2016-03-16"
"1550","unsaf","2016-03-16"
"1551","xs","2016-03-16"
"1558","ftp","2016-03-17"
"1559","detail","2016-03-17"
"1560","sep","2016-03-17"
"1561","introduc","2016-03-17"
"1562","simply","2016-03-17"
"1565","shallow","2016-04-18"
"1566","setter","2016-04-18"
"1567","sourc","2016-04-18"
"1568","backref","2016-04-18"
"1569","descr","2016-04-18"
"1570","ne","2016-04-18"
"1571","unhandl","2016-04-18"
"1572","latest","2016-04-18"
"1573","fallback","2016-04-18"
"1580","sh","2016-04-22"
"1581","enter","2016-04-22"
"1582","manual","2016-04-22"
"1583","y","2016-04-22"
"1584","condit","2016-04-22"
"1587","termin","2016-04-24"
"1588","successfully","2016-04-24"
"1589","bunch","2016-04-24"
"1590","rethrow","2016-04-24"
"1591","control","2016-04-24"
"1592","cond","2016-04-24"
"1593","mockito","2016-04-24"
"1594","model","2016-04-24"
"1595","univers","2016-04-24"
"1596","locat","2016-04-24"
"1597","enclos","2016-04-24"
"1598","top","2016-04-24"
"1599","level","2016-04-24"
"1600","produc","2016-04-24"
"1601","misc","2016-04-24"
"1602","bean","2016-04-24"
"1603","exact","2016-04-24"
"1604","variabl","2016-04-24"
"1605","win","2016-04-24"
"1606","integr","2016-04-24"
"1607","extend","2016-04-24"
"1608","view","2016-04-24"
"1609","conveni","2016-04-24"
"1610","reus","2016-04-24"
"1611","react","2016-04-24"
"1612","how","2016-04-24"
"1618","pool","2016-06-22"
"1619","executor","2016-06-22"
"1620","concurr","2016-06-22"
"1621","maximum","2016-06-22"
"1625","min","2016-07-11"
"1626","length","2016-07-11"
"1627","substr","2016-07-11"
"1628","math","2016-07-11"
"1629","nospam","2016-07-11"
"1630","changeset","2016-07-11"
"1631","keyword","2016-07-11"
"1632","ed","2016-07-11"
"1633","ac","2016-07-11"
"1634","committ","2016-07-11"
"1635","bd","2016-07-11"
"1636","line","2016-07-11"
"1637","gen","2016-07-11"
"1638","random","2016-07-11"
"1639","ce","2016-07-11"
"1640","cf","2016-07-11"
"1641","f","2016-07-11"
"1642","ebc","2016-07-11"
"1656","printf","2016-07-21"
"1657","unabl","2016-07-21"
"1659","boolean","2016-08-12"
"1660","overwrit","2016-08-12"
"1661","correctly","2016-08-12"
"1662","stori","2016-08-12"
"1663","ccb","2016-08-12"
"1664","fe","2016-08-12"
"1665","ba","2016-08-12"
"1666","fbbd","2016-08-12"
"1667","encod","2016-08-12"
"1668","verif","2016-08-12"
"1669","share","2016-08-12"
"1670","retriev","2016-08-12"
"1671","deal","2016-08-12"
"1672","crypto","2016-08-12"
"1673","comput","2016-08-12"
"1674","martinmin","2016-08-12"
"1675","sign","2016-08-12"
"1676","hex","2016-08-12"
"1677","algorithm","2016-08-12"
"1678","byte","2016-08-12"
"1679","duri","2016-08-12"
"1680","raw","2016-08-12"
"1681","rfc","2016-08-12"
"1682","incom","2016-08-12"
"1683","mac","2016-08-12"
"1684","hmac","2016-08-12"
"1685","digest","2016-08-12"
"1686","compliant","2016-08-12"
"1690","kalinin","2016-09-19"
"1691","pupssman","2016-09-19"
"1692","ivan","2016-09-19"
"1693","ref","2016-09-19"
"1694","expans","2016-09-19"
"1697","ad","2016-09-20"
"1698","sort","2016-09-20"
"1699","singl","2016-09-20"
"1700","ensur","2016-09-20"
"1701","reactor","2016-09-20"
"1702","unclear","2016-09-20"
"1703","mileston","2016-09-20"
"1704","bundl","2016-09-20"
"1712","brows","2016-10-19"
"1713","augment","2016-10-19"
"1715","includ","2016-11-14"
"1716","slash","2016-11-16"
"1717","fixm","2016-11-23"
"1718","newer","2016-11-25"
"1719","def","2016-11-25"
"1720","ableto","2016-11-25"
"1721","inspect","2016-11-25"
"1722","affect","2016-11-25"
"1723","whatev","2016-11-25"
"1724","determin","2016-11-25"
"1725","securit","2016-11-25"
"1726","undefin","2016-11-25"
"1733","superclass","2016-12-11"
"1734","safety","2016-12-11"
"1735","declar","2016-12-11"
"1736","legacy","2016-12-11"
"1737","switch","2016-12-11"
"1738","modifi","2016-12-11"
"1739","suppli","2016-12-11"
"1740","offlin","2017-01-12"
"1741","timestamp","2017-02-10"
"1742","stapler","2017-02-10"
"1743","jira","2017-02-10"
"1744","rais","2017-02-10"
"1745","theory","2017-02-10"
"1746","servlet","2017-02-10"
"1747","unavail","2017-02-10"
