"1","octocat","2009-06-25"
"2","initi","2009-10-13"
"3","start","2009-10-13"
"4","stop","2009-10-13"
"5","post","2009-10-13"
"9","gif","2012-01-20"
"10","extern","2012-04-06"
"11","api","2012-04-06"
"12","void","2012-04-06"
"13","method","2012-04-06"
"14","like","2012-04-06"
"15","mayb","2012-04-06"
"16","updat","2012-04-06"
"17","map","2012-04-06"
"18","someth","2012-04-06"
"25","found","2012-08-15"
"26","m","2012-08-15"
"27","span","2012-08-15"
"28","date","2012-08-15"
"29","listen","2012-08-15"
"30","took","2012-08-15"
"31","format","2012-08-15"
"32","done","2012-08-15"
"33","schedul","2012-08-15"
"34","println","2012-08-15"
"35","time","2012-08-15"
"40","gmail","2012-11-15"
"41","de","2012-11-15"
"42","requir","2012-11-15"
"43","listen","2012-11-15"
"44","built","2012-11-15"
"45","loof","2012-11-15"
"46","perform","2012-11-15"
"47","monitor","2012-11-15"
"48","servic","2012-11-15"
"49","nicola","2012-11-15"
"50","mailto","2012-11-15"
"51","revis","2012-11-15"
"52","quot","2012-11-15"
"53","deloof","2012-11-15"
"54","notifi","2012-11-15"
"55","launcher","2012-11-15"
"71","bad","2013-01-06"
"72","search","2013-01-06"
"73","hide","2013-01-06"
"74","ns","2013-01-06"
"78","suffix","2013-04-20"
"79","oauth","2013-05-07"
"80","bad","2013-05-26"
"81","whitespac","2013-05-26"
"82","suffix","2013-05-26"
"83","miss","2013-05-26"
"84","trail","2013-05-26"
"85","protocol","2013-05-26"
"86","trim","2013-05-26"
"87","floodgap","2013-05-26"
"88","gopher","2013-05-26"
"89","slash","2013-05-26"
"90","construct","2013-05-26"
"95","chain","2013-10-25"
"96","resp","2013-10-25"
"97","crumb","2013-10-25"
"98","exclus","2013-10-25"
"99","urlnam","2013-10-25"
"102","jso","2014-01-27"
"103","couldn","2014-01-27"
"104","found","2014-01-27"
"105","nullify","2014-01-27"
"106","n","2014-01-27"
"109","specify","2014-03-15"
"110","must","2014-03-15"
"111","brows","2014-03-15"
"112","interact","2014-03-15"
"113","intend","2014-03-15"
"116","pend","2014-07-01"
"117","password","2014-07-01"
"118","plain","2014-07-01"
"119","secret","2014-07-01"
"123","metadata","2014-10-13"
"124","determin","2014-10-13"
"125","report","2014-10-13"
"126","retriev","2014-10-13"
"130","rule","2014-11-07"
"131","extern","2015-06-17"
"132","outer","2015-06-17"
"133","mayb","2015-06-17"
"134","map","2015-06-17"
"135","someth","2015-06-17"
"136","clear","2015-06-17"
"138","date","2015-07-05"
"139","namesq","2015-07-05"
"141","afba","2015-07-11"
"142","context","2015-07-11"
"143","ac","2015-07-11"
"144","ad","2015-07-11"
"145","af","2015-07-11"
"146","specify","2015-07-11"
"147","secur","2015-07-11"
"148","befor","2015-07-11"
"149","authent","2015-07-11"
"150","must","2015-07-11"
"151","bf","2015-07-11"
"152","rsp","2015-07-11"
"153","email","2015-07-11"
"154","timestamp","2015-07-11"
"155","cc","2015-07-11"
"156","kk","2015-07-11"
"157","holder","2015-07-11"
"158","homepag","2015-07-11"
"159","dc","2015-07-11"
"160","dd","2015-07-11"
"161","wiki","2015-07-11"
"162","forc","2015-07-11"
"163","download","2015-07-11"
"164","ref","2015-07-11"
"165","ea","2015-07-11"
"166","ed","2015-07-11"
"167","watcher","2015-07-11"
"168","ef","2015-07-11"
"169","brows","2015-07-11"
"170","privat","2015-07-11"
"171","fa","2015-07-11"
"172","compar","2015-07-11"
"173","foo","2015-07-11"
"174","interact","2015-07-11"
"175","head","2015-07-11"
"176","modifi","2015-07-11"
"177","fork","2015-07-11"
"178","intend","2015-07-11"
"204","detail","2015-07-12"
"205","registr","2015-07-12"
"206","skip","2015-07-12"
"207","fix","2015-08-10"
"208","verifi","2015-08-10"
"209","urlmust","2015-08-10"
"210","itr","2015-08-10"
"211","mode","2015-08-10"
"212","opt","2015-08-10"
"213","boolean","2015-08-10"
"214","getter","2015-08-10"
"215","none","2015-08-10"
"216","dont","2015-08-10"
"217","manual","2015-08-10"
"218","workaround","2015-08-10"
"219","f","2015-08-10"
"222","descripto","2015-08-17"
"223","final","2015-08-17"
"224","ready","2015-08-17"
"225","—Ålean","2015-08-17"
"226","javadoc","2015-08-17"
"227","lang","2015-08-17"
"228","model","2015-08-17"
"229","precondit","2015-08-18"
"230","multi","2015-09-03"
"231","make","2015-09-03"
"233","suffix","2015-10-17"
"234","miss","2015-10-17"
"235","trail","2015-10-17"
"236","protocol","2015-10-17"
"237","floodgap","2015-10-17"
"238","net","2015-10-17"
"239","gopher","2015-10-17"
"240","employe","2015-10-17"
"241","colon","2015-10-17"
"242","slash","2015-10-17"
"248","instal","2015-11-24"
"249","tip","2015-11-24"
"250","ext","2015-11-24"
"251","scrip","2015-11-24"
"252","email","2015-11-24"
"253","genera","2015-11-24"
"254","buil","2015-11-24"
"255","inf","2015-11-24"
"263","wors","2015-12-04"
"264","interrupt","2015-12-13"
"265","commun","2015-12-13"
"266","void","2015-12-13"
"267","fatal","2015-12-13"
"271","charset","2015-12-21"
"272","even","2016-03-07"
"273","affect","2016-03-07"
"274","earlier","2016-03-07"
"275","deprecatedjust","2016-03-08"
"276","even","2016-03-10"
"277","affect","2016-03-10"
"278","earlier","2016-03-10"
"279","css","2016-04-02"
"280","mailform","2016-04-10"
"281","ne","2016-04-24"
"282","println","2016-04-24"
"284","unkn","2016-08-12"
"285","sort","2016-10-18"
"286","singl","2016-10-18"
"287","reactor","2016-10-18"
"288","unclear","2016-10-18"
"289","mileston","2016-10-18"
"290","bundl","2016-10-18"
"292","fixm","2016-12-12"
"293","or","2016-12-22"
"294","opt","2017-01-12"
