"1","/src/main/java/:com.coravy.hudson.plugins.github.PluginImpl","2009-10-13"
"2","/src/main/java/:com.cloudbees.jenkins.GitHubCommitNotifier","2012-11-15"
"3","/src/main/java/:com.cloudbees.jenkins.GitHubCommitNotifier$DescriptorImpl","2012-11-15"
"5","/src/main/java/:com.cloudbees.jenkins.GitHubWebHookCrumbExclusion","2013-10-25"
"6","/src/main/java/:com.cloudbees.jenkins.GitHubPendingCommitStatus$Descriptor","2014-07-01"
"7","/src/main/java/:com.cloudbees.jenkins.GitHubPendingCommitStatus","2014-07-01"
"9","/src/main/java/:org.jenkinsci.plugins.github.webhook.GHEventsListener$DefaultPushGHEventListener","2015-07-03"
"10","/src/test/java/:org.jenkinsci.plugins.github.webhook.listener.DefaultPushGHEventListenerTest","2015-07-05"
"11","/src/main/java/:org.jenkinsci.plugins.github.webhook.listener.DefaultPushGHEventListener","2015-07-05"
"12","/src/main/java/:org.jenkinsci.plugins.github.webhook.GHEventsListener","2015-07-05"
"13","/src/main/java/:com.cloudbees.jenkins.Credential","2015-08-10"
"14","/src/main/java/:com.cloudbees.jenkins.Credential$DescriptorImpl","2015-08-10"
"15","/src/test/java/:com.cloudbees.jenkins.GitHubPushTriggerConfigSubmitTest","2015-08-10"
"16","/src/main/java/:org.jenkinsci.plugins.github.config.GitHubPluginConfig$GitHubPluginConfigDescriptor","2015-08-17"
"17","/src/main/java/:org.jenkinsci.plugins.github.deprecated.Credential","2015-09-01"
"18","/src/main/java/:com.cloudbees.jenkins.GitHubRepositoryNameContributor$AbstractFromSCMImpl","2015-09-03"
"19","/src/main/java/:com.cloudbees.jenkins.GitHubRepositoryNameContributor$FromMultiSCM","2015-09-03"
"21","/src/main/java/:com.cloudbees.jenkins.GitHubCommitNotifier$StatusResult","2016-04-24"
