"1","com","2010-10-11"
"2","apo","2010-10-11"
"3","squareup","2010-10-11"
"4","pointer","2010-10-11"
"5","b","2010-10-11"
"6","method","2010-10-11"
"7","author","2010-10-11"
"8","non","2010-10-11"
"9","two","2010-10-11"
"10","lee","2010-10-11"
"11","equal","2010-10-11"
"12","null","2010-10-11"
"13","util","2010-10-11"
"14","bob","2010-10-11"
"15","unless","2010-10-11"
"16","throw","2010-10-11"
"17","name","2010-10-11"
"18","true","2010-10-11"
"19","except","2010-10-11"
"20","possibl","2010-10-11"
"21","return","2010-10-11"
"22","object","2010-10-11"
"23","posit","2010-10-11"
"24","read","2010-10-11"
"25","offset","2010-10-11"
"26","ring","2010-10-11"
"27","remain","2010-10-11"
"28","length","2010-10-11"
"29","seek","2010-10-11"
"30","input","2010-10-11"
"31","stream","2010-10-11"
"32","raf","2010-10-11"
"33","singl","2010-10-11"
"34","buffer","2010-10-11"
"35","wrap","2010-10-11"
"36","element","2010-10-11"
"37","been","2010-10-11"
"38","smaller","2010-10-11"
"39","logger","2010-10-11"
"40","when","2010-10-11"
"41","doesnt","2010-10-11"
"42","number","2010-10-11"
"43","pick","2010-10-11"
"44","block","2010-10-11"
"45","ran","2010-10-11"
"46","creat","2010-10-11"
"47","multipl","2010-10-11"
"48","byte","2010-10-11"
"49","index","2010-10-11"
"50","iter","2010-10-11"
"51","each","2010-10-11"
"52","fail","2010-10-11"
"53","system","2010-10-11"
"54","size","2010-10-11"
"55","doe","2010-10-11"
"56","begin","2010-10-11"
"57","valu","2010-10-11"
"58","portion","2010-10-11"
"59","delet","2010-10-11"
"60","file","2010-10-11"
"61","tear","2010-10-11"
"62","assert","2010-10-11"
"63","get","2010-10-11"
"64","have","2010-10-11"
"65","where","2010-10-11"
"66","braf","2010-10-11"
"67","so","2010-10-11"
"68","close","2010-10-11"
"69","set","2010-10-11"
"70","max","2010-10-11"
"71","e","2010-10-11"
"72","f","2010-10-11"
"73","i","2010-10-11"
"74","n","2010-10-11"
"75","peek","2010-10-11"
"76","expect","2010-10-11"
"77","exercis","2010-10-11"
"78","bug","2010-10-11"
"79","remov","2010-10-11"
"80","exampl","2010-10-11"
"81","queue","2010-10-11"
"82","expans","2010-10-11"
"83","data","2010-10-11"
"84","isn","2010-10-11"
"85","reader","2010-10-11"
"86","nano","2010-10-11"
"87","num","2010-10-11"
"88","forc","2010-10-11"
"89","had","2010-10-11"
"90","down","2010-10-11"
"91","space","2010-10-11"
"92","empty","2010-10-11"
"93","correctly","2010-10-11"
"94","split","2010-10-11"
"95","up","2010-10-11"
"96","written","2010-10-11"
"97","info","2010-10-11"
"98","add","2010-10-11"
"99","all","2010-10-11"
"100","actual","2010-10-11"
"101","test","2010-10-11"
"102","ms","2010-10-11"
"103","eo","2010-10-11"
"104","take","2010-10-11"
"105","expand","2010-10-11"
"106","were","2010-10-11"
"107","final","2010-10-11"
"108","updat","2010-10-11"
"109","rwd","2010-10-11"
"110","compar","2010-10-11"
"111","array","2010-10-11"
"112","on","2010-10-11"
"113","move","2010-10-11"
"114","temp","2010-10-11"
"115","corrupt","2010-10-11"
"116","cross","2010-10-11"
"117","start","2010-10-11"
"118","peak","2010-10-11"
"119","instead","2010-10-11"
"120","round","2010-10-11"
"121","time","2010-10-11"
"122","broken","2010-10-11"
"123","access","2010-10-11"
"124","break","2010-10-11"
"125","commit","2010-10-11"
"126","go","2010-10-11"
"127","statu","2010-10-11"
"128","mode","2010-10-11"
"129","random","2010-10-11"
"130","can","2010-10-11"
"131","reject","2010-10-11"
"132","write","2010-10-11"
"133","you","2010-10-11"
"134","recov","2010-10-11"
"135","addit","2010-10-11"
"136","crash","2010-10-11"
"137","accommod","2010-10-11"
"138","state","2010-10-11"
"139","recent","2010-10-11"
"140","fully","2010-10-11"
"141","ad","2010-10-11"
"142","past","2010-10-11"
"143","automat","2010-10-11"
"144","befor","2010-10-11"
"145","much","2010-10-11"
"146","retriev","2010-10-11"
"147","be","2010-10-11"
"148","long","2010-10-11"
"149","current","2010-10-11"
"150","journal","2010-10-11"
"151","builder","2010-10-11"
"152","after","2010-10-11"
"153","conjunct","2010-10-11"
"154","insuffici","2010-10-11"
"155","behavior","2010-10-11"
"156","contain","2010-10-11"
"157","necessary","2010-10-11"
"158","onc","2010-10-11"
"159","tradit","2010-10-11"
"160","store","2010-10-11"
"161","o","2010-10-11"
"162","stori","2010-10-11"
"163","p","2010-10-11"
"164","call","2010-10-11"
"165","renam","2010-10-11"
"166","invok","2010-10-11"
"167","reliabl","2010-10-11"
"168","exce","2010-10-11"
"169","oper","2010-10-11"
"170","goe","2010-10-11"
"171","open","2010-10-11"
"172","font","2010-10-11"
"173","di","2010-10-11"
"174","hold","2010-10-11"
"175","red","2010-10-11"
"176","structur","2010-10-11"
"177","later","2010-10-11"
"178","segment","2010-10-11"
"179","implement","2010-10-11"
"180","newest","2010-10-11"
"181","us","2010-10-11"
"182","given","2010-10-11"
"183","pre","2010-10-11"
"184","initi","2010-10-11"
"185","last","2010-10-11"
"186","duri","2010-10-11"
"187","count","2010-10-11"
"188","equival","2010-10-11"
"189","effici","2010-10-11"
"190","overlap","2010-10-11"
"191","abort","2010-10-11"
"192","success","2010-10-11"
"193","support","2010-10-11"
"194","unus","2010-10-11"
"195","memory","2010-10-11"
"196","string","2010-10-11"
"197","ensur","2010-10-11"
"198","color","2010-10-11"
"199","mutat","2010-10-11"
"200","back","2010-10-11"
"201","we","2010-10-11"
"202","param","2010-10-11"
"203","end","2010-10-11"
"204","class","2010-10-11"
"205","fifo","2010-10-11"
"206","bound","2010-10-11"
"207","succe","2010-10-11"
"208","yet","2010-10-11"
"209","gt","2010-10-11"
"210","chang","2010-10-11"
"211","underly","2010-10-11"
"212","eof","2010-10-11"
"213","append","2010-10-11"
"214","base","2010-10-11"
"215","big","2010-10-11"
"216","channel","2010-10-11"
"217","visibl","2010-10-11"
"218","construct","2010-10-11"
"219","variabl","2010-10-11"
"220","writi","2010-10-11"
"221","surviv","2010-10-11"
"222","exist","2010-10-11"
"223","field","2010-10-11"
"224","even","2010-10-11"
"225","quot","2010-10-11"
"226","don","2010-10-11"
"227","log","2010-10-11"
"228","copi","2010-10-11"
"229","out","2010-10-11"
"230","assum","2010-10-11"
"231","member","2010-10-11"
"232","power","2010-10-11"
"233","copy","2010-10-11"
"234","avail","2010-10-11"
"235","restart","2010-10-11"
"236","more","2010-10-11"
"237","bigger","2010-10-11"
"238","cach","2010-10-11"
"239","alway","2010-10-11"
"240","atom","2010-10-11"
"241","instanc","2010-10-11"
"242","first","2010-10-11"
"243","garbag","2010-10-11"
"244","ll","2010-10-11"
"245","argument","2010-10-11"
"246","lt","2010-10-11"
"247","codebuff","2010-10-11"
"248","while","2010-10-11"
"249","convent","2010-10-11"
"250","simpl","2010-10-11"
"251","than","2010-10-11"
"252","should","2010-10-11"
"253","only","2010-10-11"
"254","from","2010-10-11"
"255","truncat","2010-10-11"
"256","new","2010-10-11"
"257","entri","2010-10-11"
"258","like","2010-10-11"
"259","format","2010-10-11"
"260","thrown","2010-10-11"
"261","modif","2010-10-11"
"262","most","2010-10-11"
"263","disk","2010-10-11"
"264","eldest","2010-10-11"
"265","transfer","2010-10-11"
"266","safe","2010-10-11"
"267","header","2010-10-11"
"268","code","2010-10-11"
"269","link","2010-10-11"
"270","continu","2010-10-11"
"271","error","2010-10-11"
"272","synchron","2010-10-11"
"273","design","2010-10-11"
"274","process","2010-10-11"
"275","built","2010-10-11"
"276","clear","2010-10-11"
"277","enough","2010-10-11"
"278","int","2010-10-11"
"279","yaff","2010-10-11"
"280","caller","2010-10-11"
"281","previou","2010-10-11"
"282","until","2010-10-11"
"283","within","2010-10-11"
"284","request","2010-10-11"
"285","oppos","2010-10-11"
"286","fewer","2010-10-11"
"287","tod","2010-10-11"
"288","per","2010-10-11"
"289","case","2010-10-11"
"290","which","2010-10-11"
"291","enabl","2010-10-11"
"292","many","2010-10-11"
"293","partial","2010-10-11"
"512","shake","2010-10-13"
"513","accuracy","2010-10-13"
"514","threshold","2010-10-13"
"515","ignor","2010-10-13"
"516","listen","2010-10-13"
"517","without","2010-10-13"
"518","shaki","2010-10-13"
"519","sqrt","2010-10-13"
"520","sampl","2010-10-13"
"521","hardwar","2010-10-13"
"522","eric","2010-10-13"
"523","manag","2010-10-13"
"524","stop","2010-10-13"
"525","phone","2010-10-13"
"526","ax","2010-10-13"
"527","ay","2010-10-13"
"528","az","2010-10-13"
"529","sensor","2010-10-13"
"530","math","2010-10-13"
"531","detector","2010-10-13"
"532","regist","2010-10-13"
"533","detect","2010-10-13"
"534","unregist","2010-10-13"
"535","default","2010-10-13"
"536","total","2010-10-13"
"537","fall","2010-10-13"
"538","taken","2010-10-13"
"539","acceler","2010-10-13"
"540","free","2010-10-13"
"541","event","2010-10-13"
"542","hear","2010-10-13"
"543","devic","2010-10-13"
"544","timestamp","2010-10-13"
"545","burk","2010-10-13"
"546","g","2010-10-13"
"547","h","2010-10-13"
"548","magnitud","2010-10-13"
"549","appropri","2010-10-13"
"550","m","2010-10-13"
"551","acceleromet","2010-10-13"
"552","caught","2010-10-13"
"553","bad","2010-10-13"
"554","reach","2010-10-13"
"555","pleas","2010-10-13"
"556","program","2010-10-13"
"557","type","2010-10-13"
"558","couldn","2010-10-13"
"559","either","2010-10-13"
"560","would","2010-10-13"
"561","commun","2010-10-13"
"562","sooner","2010-10-13"
"563","occur","2010-10-13"
"564","check","2010-10-13"
"565","encount","2010-10-13"
"566","handl","2010-10-13"
"567","try","2010-10-13"
"568","disabl","2010-10-13"
"569","server","2010-10-13"
"570","expir","2010-10-13"
"571","session","2010-10-13"
"572","show","2010-10-13"
"573","respons","2010-10-13"
"574","unexpect","2010-10-13"
"575","network","2010-10-13"
"576","softwar","2010-10-13"
"577","client","2010-10-13"
"578","messag","2010-10-13"
"579","outcom","2010-10-13"
"580","otherwis","2010-10-13"
"581","signify","2010-10-13"
"582","again","2010-10-13"
"583","also","2010-10-13"
"584","framework","2010-10-13"
"585","offlin","2010-10-13"
"586","ha","2010-10-13"
"587","callback","2010-10-13"
"588","user","2010-10-13"
"589","prompt","2010-10-13"
"590","account","2010-10-13"
"591","next","2010-10-13"
"592","threshol","2010-10-13"
"593","d","2010-10-13"
"594","pool","2010-10-13"
"595","gso","2010-10-13"
"596","convers","2010-10-13"
"597","main","2010-10-13"
"598","convert","2010-10-13"
"599","annot","2010-10-13"
"600","path","2010-10-13"
"601","java","2010-10-13"
"602","ui","2010-10-13"
"603","executor","2010-10-13"
"604","rel","2010-10-13"
"605","api","2010-10-13"
"606","happen","2010-10-13"
"607","void","2010-10-13"
"608","adapt","2010-10-13"
"609","lower","2010-10-13"
"610","my","2010-10-13"
"611","ap","2010-10-13"
"612","servic","2010-10-13"
"613","background","2010-10-13"
"614","http","2010-10-13"
"615","paramet","2010-10-13"
"616","wildcard","2010-10-13"
"617","result","2010-10-13"
"618","interfac","2010-10-13"
"619","public","2010-10-13"
"620","json","2010-10-13"
"621","provid","2010-10-13"
"622","rest","2010-10-13"
"623","thread","2010-10-13"
"624","url","2010-10-13"
"625","super","2010-10-13"
"626","googl","2010-10-13"
"627","inject","2010-10-13"
"628","mime","2010-10-13"
"629","content","2010-10-13"
"630","uid","2010-10-13"
"631","locat","2010-10-13"
"632","io","2010-10-13"
"633","it","2010-10-13"
"634","version","2010-10-13"
"635","destin","2010-10-13"
"636","absolut","2010-10-13"
"637","serial","2010-10-13"
"638","rh","2010-10-13"
"639","mismatch","2010-10-13"
"640","hash","2010-10-13"
"641","handler","2010-10-13"
"642","pars","2010-10-13"
"643","loggabl","2010-10-13"
"644","ut","2010-10-13"
"645","pass","2010-10-13"
"646","gson","2010-10-13"
"647","entity","2010-10-13"
"648","bout","2010-10-13"
"649","deal","2010-10-13"
"650","line","2010-10-13"
"651","body","2010-10-13"
"652","second","2010-10-13"
"653","fine","2010-10-13"
"654","got","2010-10-13"
"655","output","2010-10-13"
"656","sink","2010-10-13"
"657","replay","2010-10-13"
"658","fetcher","2010-10-13"
"659","least","2010-10-13"
"660","verify","2010-10-13"
"661","factory","2010-10-13"
"662","any","2010-10-13"
"663","fetch","2010-10-13"
"664","progress","2010-10-13"
"665","singleton","2010-10-13"
"666","uri","2010-10-13"
"667","execut","2010-10-13"
"668","strategy","2010-10-13"
"669","reason","2010-10-13"
"670","runtim","2010-10-13"
"671","phrase","2010-10-13"
"672","timeout","2010-10-13"
"673","miss","2010-10-13"
"674","unauthor","2010-10-13"
"675","forbidden","2010-10-13"
"676","gateway","2010-10-13"
"677","sb","2010-10-13"
"678","ally","2010-10-13"
"679","rate","2010-10-13"
"680","list","2010-10-13"
"681","fals","2010-10-13"
"682","q","2010-10-13"
"683","lg","2010-10-13"
"684","granular","2010-10-13"
"685","percent","2010-10-13"
"686","how","2010-10-13"
"687","download","2010-10-13"
"688","specifi","2010-10-13"
"689","throttl","2010-10-13"
"690","often","2010-10-13"
"691","send","2010-10-13"
"692","deleg","2010-10-13"
"693","dummy","2010-10-13"
"694","run","2010-10-13"
"695","command","2010-10-13"
"696","finish","2010-10-13"
"697","cancel","2010-10-13"
"698","r","2010-10-13"
"699","delay","2010-10-13"
"700","upload","2010-10-13"
"701","post","2010-10-13"
"702","find","2010-10-13"
"703","gener","2010-10-13"
"704","raw","2010-10-13"
"705","proxy","2010-10-13"
"706","multipart","2010-10-13"
"707","part","2010-10-13"
"708","found","2010-10-13"
"709","arg","2010-10-13"
"710","ting","2010-10-13"
"711","pair","2010-10-13"
"712","illeg","2010-10-13"
"713","form","2010-10-13"
"714","po","2010-10-13"
"715","assign","2010-10-13"
"716","head","2010-10-13"
"717","acquir","2010-10-13"
"718","releas","2010-10-13"
"719","avoid","2010-10-13"
"720","collect","2010-10-13"
"721","gif","2010-10-13"
"722","png","2010-10-13"
"723","jpeg","2010-10-13"
"724","abstract","2010-10-13"
"725","shaken","2010-10-13"
"726","screen","2010-10-13"
"727","graphic","2010-10-13"
"728","pend","2010-10-13"
"729","runnabl","2010-10-13"
"730","draw","2010-10-13"
"731","repres","2010-10-13"
"732","activ","2010-10-13"
"733","complet","2010-10-13"
"734","condit","2010-10-13"
"735","those","2010-10-13"
"736","nanosecond","2010-10-13"
"737","below","2010-10-13"
"738","never","2010-10-13"
"739","entry","2010-10-13"
"740","keep","2010-10-13"
"741","ns","2010-10-13"
"742","deliv","2010-10-13"
"743","purg","2010-10-13"
"744","comput","2010-10-13"
"745","min","2010-10-13"
"746","older","2010-10-13"
"747","oldest","2010-10-13"
"748","window","2010-10-13"
"749","cutoff","2010-10-13"
"750","averag","2010-10-13"
"751","target","2010-10-13"
"752","context","2010-10-13"
"753","connect","2010-10-13"
"754","squar","2010-10-13"
"755","inform","2010-10-13"
"756","properti","2010-10-13"
"757","requir","2010-10-13"
"758","ssl","2010-10-13"
"759","trail","2010-10-13"
"760","web","2010-10-13"
"761","property","2010-10-13"
"762","develop","2010-10-13"
"763","warn","2010-10-13"
"764","site","2010-10-13"
"765","includ","2010-10-13"
"766","option","2010-10-13"
"767","charset","2010-10-13"
"768","extens","2010-10-13"
"769","encod","2010-10-13"
"770","filenam","2010-10-13"
"771","fill","2010-10-13"
"772","intermitt","2010-10-13"
"773","indic","2010-10-13"
"774","unexpectedly","2010-10-13"
"775","throwabl","2010-10-13"
"776","retri","2010-10-13"
"777","behav","2010-10-13"
"778","problem","2010-10-13"
"779","detail","2010-10-13"
"780","typic","2010-10-13"
"781","associ","2010-10-13"
"782","binary","2010-10-13"
"1023","whatev","2010-10-25"
"1024","pn","2010-10-25"
"1026","put","2010-11-04"
"1027","profil","2010-11-04"
"1028","allow","2010-11-04"
"1029","millisecond","2010-11-04"
"1030","hook","2010-11-04"
"1031","etc","2010-11-04"
"1032","elaps","2010-11-04"
"1033","ur","2010-11-04"
"1034","ge","2010-11-04"
"1035","l","2010-11-04"
"1036","milli","2010-11-04"
"1041","enter","2010-12-05"
"1042","titl","2010-12-05"
"1043","already","2010-12-05"
"1044","look","2010-12-05"
"1045","button","2010-12-05"
"1046","anoth","2010-12-05"
"1047","email","2010-12-05"
"1048","address","2010-12-05"
"1049","label","2010-12-05"
"1050","friendly","2010-12-05"
"1051","sentenc","2010-12-05"
"1052","dialog","2010-12-05"
"1053","few","2010-12-05"
"1054","text","2010-12-05"
"1055","may","2010-12-05"
"1056","might","2010-12-05"
"1057","display","2010-12-05"
"1058","word","2010-12-05"
"1059","pojo","2010-12-05"
"1072","though","2010-12-06"
"1073","foo","2010-12-12"
"1074","fo","2010-12-12"
"1075","tmp","2010-12-12"
"1076","build","2011-01-20"
"1077","wait","2011-01-20"
"1078","scheme","2011-01-20"
"1079","host","2011-01-20"
"1080","substr","2011-01-20"
"1081","invoc","2011-01-20"
"1083","sync","2011-03-31"
"1084","fd","2011-03-31"
"1086","mkdir","2011-04-26"
"1087","doesn","2011-04-26"
"1088","preced","2011-04-26"
"1089","directory","2011-04-26"
"1090","make","2011-04-26"
"1093","gone","2011-04-27"
"1094","place","2011-04-27"
"1095","cannot","2011-04-27"
"1096","stack","2011-04-27"
"1097","psh","2011-04-27"
"1098","prefix","2011-04-27"
"1099","pw","2011-04-27"
"1100","println","2011-04-27"
"1101","trace","2011-04-27"
"1102","foobar","2011-04-27"
"1103","ia","2011-04-27"
"1104","print","2011-04-27"
"1105","paul","2011-04-27"
"1106","hawk","2011-04-27"
"1108","pu","2011-05-04"
"1109","fix","2011-05-04"
"1110","id","2011-05-04"
"1111","captur","2011-05-04"
"1112","text","2011-05-04"
"1113","merchant","2011-05-04"
"1114","guic","2011-05-04"
"1115","mock","2011-05-04"
"1116","some","2011-05-04"
"1117","injector","2011-05-04"
"1118","lifecycl","2011-05-04"
"1119","filter","2011-05-04"
"1120","answer","2011-05-04"
"1121","none","2011-05-04"
"1122","desir","2011-05-04"
"1123","reflect","2011-05-04"
"1124","look","2011-05-04"
"1125","ex","2011-05-04"
"1126","extract","2011-05-04"
"1127","see","2011-05-04"
"1128","patrick","2011-05-04"
"1129","exactly","2011-05-04"
"1130","forhan","2011-05-04"
"1131","perform","2011-05-04"
"1132","describ","2011-05-04"
"1133","obj","2011-05-04"
"1134","correspond","2011-05-04"
"1135","bracket","2011-05-04"
"1136","action","2011-05-04"
"1137","replac","2011-05-04"
"1138","order","2011-05-04"
"1139","recurs","2011-05-04"
"1140","query","2011-05-04"
"1141","note","2011-05-04"
"1142","outermost","2011-05-04"
"1143","insert","2011-05-04"
"1144","innermost","2011-05-04"
"1145","ol","2011-05-04"
"1146","key","2011-05-04"
"1147","nest","2011-05-04"
"1148","pair","2011-05-04"
"1149","form","2011-05-04"
"1150","li","2011-05-04"
"1151","itor","2011-05-04"
"1171","work","2011-05-06"
"1172","nativ","2011-05-06"
"1173","other","2011-05-06"
"1174","android","2011-05-06"
"1175","platform","2011-05-06"
"1176","prevent","2011-05-06"
"1177","help","2011-05-06"
"1178","storag","2011-05-06"
"1179","save","2011-05-06"
"1180","k","2011-05-06"
"1181","dir","2011-05-06"
"1182","view","2011-05-06"
"1183","library","2011-05-06"
"1184","load","2011-05-06"
"1186","temporary","2011-08-25"
"1187","unabl","2011-08-25"
"1188","ls","2011-08-25"
"1189","applic","2011-08-25"
"1190","extend","2011-08-25"
"1191","rather","2011-08-25"
"1192","consult","2011-08-25"
"1193","latest","2011-08-25"
"1194","over","2011-08-25"
"1195","may","2011-08-25"
"1196","differ","2011-08-25"
"1201","chunk","2011-09-12"
"1202","al","2011-11-09"
"1203","et","2011-11-09"
"1205","about","2011-11-22"
"1206","contact","2011-11-22"
"1207","re","2011-11-22"
"1208","notif","2011-11-22"
"1212","lazily","2011-11-28"
"1213","holder","2011-11-28"
"1214","uuid","2011-11-28"
"1215","bar","2011-11-28"
"1216","few","2011-11-28"
"1217","taco","2011-11-28"
"1218","regex","2011-11-28"
"1219","burrito","2011-11-28"
"1220","shell","2011-11-28"
"1221","blank","2011-11-28"
"1222","denman","2011-11-28"
"1223","too","2011-11-28"
"1224","calcul","2011-11-28"
"1225","extr","2011-11-28"
"1226","regular","2011-11-28"
"1227","didn","2011-11-28"
"1228","normal","2011-11-28"
"1229","edenman","2011-11-28"
"1230","category","2011-11-28"
"1231","entir","2011-11-28"
"1232","repeat","2011-11-28"
"1233","want","2011-11-28"
"1234","extra","2011-11-28"
"1235","card","2011-11-28"
"1236","expens","2011-11-28"
"1237","constantly","2011-11-28"
"1238","mb","2011-11-28"
"1239","them","2011-11-28"
"1240","str","2011-11-28"
"1241","val","2011-11-28"
"1242","matcher","2011-11-28"
"1243","pattern","2011-11-28"
"1244","compil","2011-11-28"
"1245","search","2011-11-28"
"1246","z","2011-11-28"
"1247","through","2011-11-28"
"1248","do","2011-11-28"
"1249","group","2011-11-28"
"1250","uniqu","2011-11-28"
"1251","twice","2011-11-28"
"1252","present","2011-11-28"
"1253","custom","2011-11-28"
"1275","xx","2011-12-15"
"1276","unpars","2011-12-15"
"1278","date","2012-05-17"
"1279","nul","2012-05-17"
"1281","via","2012-05-31"
"1282","them","2012-05-31"
"1283","must","2012-05-31"
"1284","logic","2012-05-31"
"1285","control","2012-05-31"
"1288","your","2012-06-04"
"1289","specif","2012-06-04"
"1290","immedi","2012-06-04"
"1291","asynchron","2012-06-04"
"1292","liter","2012-06-04"
"1293","re","2012-06-04"
"1294","retrofit","2012-06-04"
"1295","follow","2012-06-04"
"1296","unlik","2012-06-04"
"1297","config","2012-06-04"
"1298","looper","2012-06-04"
"1299","await","2012-06-04"
"1300","latch","2012-06-04"
"1301","clock","2012-06-04"
"1302","task","2012-06-04"
"1303","uptim","2012-06-04"
"1319","htt","2012-06-21"
"1320","origin","2012-06-21"
"1321","about","2012-06-21"
"1322","sent","2012-06-21"
"1323","took","2012-06-21"
"1324","give","2012-06-21"
"1325","opportun","2012-06-21"
"1326","implementor","2012-06-21"
"1327","req","2012-06-21"
"1334","loader","2012-06-28"
"1335","javax","2012-07-18"
"1336","product","2012-08-13"
"1337","debug","2012-08-15"
"1338","between","2012-08-21"
"1339","differenti","2012-08-21"
"1340","human","2012-08-21"
"1341","readabl","2012-08-21"
"1345","greater","2012-08-30"
"1346","zero","2012-08-30"
"1348","whitespac","2012-10-03"
"1349","space","2012-10-03"
"1350","buddy","2012-10-03"
"1351","declar","2012-10-09"
"1352","concret","2012-10-09"
"1353","c","2012-10-09"
"1354","d","2012-10-09"
"1355","h","2012-10-09"
"1356","resolv","2012-10-09"
"1357","superclass","2012-10-09"
"1358","more","2012-10-09"
"1359","integ","2012-10-09"
"1360","supertyp","2012-10-09"
"1361","collect","2012-10-09"
"1362","assign","2012-10-09"
"1363","upper","2012-10-09"
"1366","via","2012-10-10"
"1367","helper","2012-10-10"
"1369","jw","2012-10-16"
"1370","cast","2012-10-16"
"1371","wharton","2012-10-16"
"1372","jake","2012-10-16"
"1373","transport","2012-10-16"
"1374","trigger","2012-10-16"
"1375","appropri","2012-10-16"
"1376","arbit","2012-10-16"
"1377","represent","2012-10-16"
"1378","danger","2012-10-16"
"1379","eq","2012-10-16"
"1380","async","2012-10-16"
"1381","x","2012-10-16"
"1382","y","2012-10-16"
"1383","successfully","2012-10-16"
"1384","guarante","2012-10-16"
"1385","match","2012-10-16"
"1386","deseri","2012-10-16"
"1387","isr","2012-10-16"
"1388","entiti","2012-10-16"
"1389","must","2012-10-16"
"1390","suppli","2012-10-16"
"1391","two","2012-10-16"
"1392","whether","2012-10-16"
"1393","done","2012-10-16"
"1394","both","2012-10-16"
"1395","determin","2012-10-16"
"1396","neither","2012-10-16"
"1400","requir","2012-10-23"
"1401","endpoint","2012-10-23"
"1402","ul","2012-10-23"
"1403","concurr","2012-10-23"
"1407","ue","2012-10-27"
"1408","se","2012-10-27"
"1409","marshal","2012-10-27"
"1410","obtain","2012-10-27"
"1411","ce","2012-10-27"
"1412","ne","2012-10-27"
"1413","caus","2012-10-27"
"1414","unauthor","2012-10-27"
"1415","way","2012-10-27"
"1416","nano","2012-10-27"
"1417","while","2012-10-27"
"1418","sever","2012-10-27"
"1419","unreach","2012-10-27"
"1420","thrown","2012-10-27"
"1421","warn","2012-10-27"
"1422","sc","2012-10-27"
"1423","process","2012-10-27"
"1438","tweet","2012-10-28"
"1439","twitter","2012-10-28"
"1440","ebook","2012-10-28"
"1441","hors","2012-10-28"
"1445","math","2012-10-30"
"1446","min","2012-10-30"
"1447","en","2012-10-30"
"1448","chunk","2012-10-30"
"1452","download","2012-11-01"
"1453","made","2012-11-01"
"1454","same","2012-11-01"
"1455","any","2012-11-01"
"1459","pool","2012-11-27"
"1460","sane","2012-11-27"
"1461","oper","2012-11-27"
"1462","jv","2012-11-27"
"1463","ensur","2012-11-27"
"1464","platform","2012-11-27"
"1465","os","2012-11-27"
"1466","todo","2012-12-05"
"1467","imag","2012-12-18"
"1468","success","2012-12-18"
"1469","failur","2012-12-18"
"1470","real","2012-12-18"
"1471","receiv","2012-12-18"
"1472","produc","2012-12-18"
"1473","repres","2012-12-18"
"1474","standard","2012-12-18"
"1475","ext","2012-12-18"
"1476","due","2012-12-18"
"1477","unsuccess","2012-12-18"
"1482","pars","2012-12-19"
"1483","utf","2012-12-19"
"1484","match","2012-12-19"
"1485","case","2012-12-19"
"1486","notthecharset","2012-12-19"
"1487","tcharset","2012-12-19"
"1488","n","2012-12-19"
"1489","tf","2012-12-19"
"1490","u","2012-12-19"
"1491","plain","2012-12-19"
"1492","thing","2012-12-19"
"1493","chars","2012-12-19"
"1497","init","2012-12-20"
"1498","detail","2012-12-20"
"1499","succe","2012-12-20"
"1500","check","2012-12-20"
"1501","load","2012-12-20"
"1504","definit","2013-01-27"
"1505","reason","2013-02-11"
"1506","unmodifi","2013-02-11"
"1507","phrase","2013-02-11"
"1508","someth","2013-02-11"
"1509","helper","2013-02-11"
"1510","cb","2013-02-11"
"1511","ad","2013-02-11"
"1512","already","2013-02-11"
"1513","multipart","2013-02-11"
"1514","hi","2013-02-11"
"1515","fully","2013-02-11"
"1516","hello","2013-02-11"
"1517","ping","2013-02-11"
"1518","pong","2013-02-11"
"1519","kit","2013-02-11"
"1520","kat","2013-02-11"
"1521","k","2013-02-11"
"1522","exactly","2013-02-11"
"1523","apach","2013-02-11"
"1524","first","2013-02-11"
"1525","addit","2013-02-11"
"1526","map","2013-02-11"
"1527","make","2013-02-11"
"1528","encapsul","2013-02-11"
"1529","necessary","2013-02-11"
"1530","verb","2013-02-11"
"1531","l","2013-02-11"
"1532","never","2013-02-11"
"1533","spy","2013-02-11"
"1534","through","2013-02-11"
"1535","breakag","2013-02-11"
"1536","still","2013-02-11"
"1537","work","2013-02-11"
"1538","eq","2013-02-11"
"1539","malform","2013-02-11"
"1540","doe","2013-02-11"
"1541","interact","2013-02-11"
"1542","broken","2013-02-11"
"1543","intern","2013-02-11"
"1544","more","2013-02-11"
"1545","three","2013-02-11"
"1546","place","2013-02-11"
"1547","substitut","2013-02-11"
"1548","mutat","2013-02-11"
"1549","char","2013-02-11"
"1550","append","2013-02-11"
"1551","browser","2013-02-11"
"1552","compat","2013-02-11"
"1553","specif","2013-02-11"
"1554","cannot","2013-02-11"
"1555","simultan","2013-02-11"
"1556","safe","2013-02-11"
"1557","org","2013-02-11"
"1558","need","2013-02-11"
"1559","directly","2013-02-11"
"1560","back","2013-02-11"
"1561","prepar","2013-02-11"
"1562","txt","2013-02-11"
"1563","hea","2013-02-11"
"1564","without","2013-02-11"
"1565","sequenc","2013-02-11"
"1566","lack","2013-02-11"
"1567","implicit","2013-02-11"
"1568","forbidden","2013-02-11"
"1569","slash","2013-02-11"
"1570","riff","2013-02-11"
"1571","quick","2013-02-11"
"1572","bao","2013-02-11"
"1573","raff","2013-02-11"
"1574","brown","2013-02-11"
"1575","fox","2013-02-11"
"1576","duplic","2013-02-11"
"1577","retriev","2013-02-11"
"1578","entirety","2013-02-11"
"1579","input","2013-02-11"
"1580","buf","2013-02-11"
"1632","direct","2013-02-13"
"1633","etc","2013-02-13"
"1635","your","2013-02-17"
"1636","none","2013-02-17"
"1637","manag","2013-02-17"
"1638","state","2013-02-17"
"1642","copi","2013-02-18"
"1643","guava","2013-02-18"
"1644","octet","2013-02-18"
"1645","unknown","2013-02-18"
"1646","unless","2013-02-18"
"1647","otherwis","2013-02-18"
"1649","defer","2013-02-19"
"1650","mean","2013-02-19"
"1652","runtim","2013-02-21"
"1653","changeabl","2013-02-21"
"1654","whose","2013-02-21"
"1655","respet","2013-02-21"
"1656","updat","2013-02-21"
"1657","see","2013-02-21"
"1659","access","2013-02-22"
"1660","part","2013-02-22"
"1661","extract","2013-02-22"
"1662","field","2013-02-22"
"1663","own","2013-02-22"
"1664","instead","2013-02-22"
"1665","our","2013-02-22"
"1666","todo","2013-02-22"
"1667","cheat","2013-02-22"
"1674","ampersand","2013-02-24"
"1675","question","2013-02-24"
"1676","mark","2013-02-24"
"1677","squar","2013-02-27"
"1678","github","2013-02-27"
"1679","contributor","2013-02-27"
"1680","properti","2013-02-27"
"1681","property","2013-02-27"
"1682","greater","2013-02-27"
"1683","connect","2013-02-27"
"1684","open","2013-02-27"
"1685","contribut","2013-02-27"
"1686","login","2013-02-27"
"1687","owner","2013-02-27"
"1688","git","2013-02-27"
"1689","hub","2013-02-27"
"1690","repo","2013-02-27"
"1691","disconnect","2013-02-27"
"1692","behavior","2013-02-27"
"1693","pojo","2013-02-27"
"1694","do","2013-02-27"
"1708","octet","2013-03-07"
"1709","jj","2013-03-10"
"1710","gmail","2013-03-10"
"1711","wrapper","2013-03-10"
"1712","ford","2013-03-10"
"1713","hold","2013-03-10"
"1716","multimap","2013-03-12"
"1717","compon","2013-03-12"
"1718","variabl","2013-03-12"
"1719","static","2013-03-12"
"1720","iter","2013-03-12"
"1721","va","2013-03-12"
"1722","vb","2013-03-12"
"1723","primit","2013-03-12"
"1724","wa","2013-03-12"
"1725","wb","2013-03-12"
"1726","parameter","2013-03-12"
"1727","ga","2013-03-12"
"1728","gb","2013-03-12"
"1729","jess","2013-03-12"
"1730","pa","2013-03-12"
"1731","pb","2013-03-12"
"1732","wilson","2013-03-12"
"1733","clone","2013-03-12"
"1734","impl","2013-03-12"
"1735","languag","2013-03-12"
"1736","we","2013-03-12"
"1737","most","2013-03-12"
"1738","what","2013-03-12"
"1739","reconstruct","2013-03-12"
"1740","everyth","2013-03-12"
"1741","long","2013-03-12"
"1742","littl","2013-03-12"
"1743","enclos","2013-03-12"
"1747","boundary","2013-04-12"
"1748","uuid","2013-04-12"
"1749","disposit","2013-04-12"
"1750","sb","2013-04-12"
"1751","random","2013-04-12"
"1752","entry","2013-04-12"
"1753","next","2013-04-12"
"1754","consol","2013-04-15"
"1755","debug","2013-04-15"
"1756","ident","2013-04-15"
"1757","sm","2013-04-15"
"1758","off","2013-04-15"
"1759","toggl","2013-04-15"
"1760","format","2013-04-15"
"1761","consum","2013-04-15"
"1769","condition","2013-05-01"
"1770","copy","2013-05-01"
"1771","report","2013-05-01"
"1772","len","2013-05-01"
"1776","idl","2013-05-03"
"1777","footer","2013-05-03"
"1778","ex","2013-05-03"
"1779","alpha","2013-05-09"
"1780","per","2013-05-09"
"1781","mix","2013-05-09"
"1782","hyphen","2013-05-09"
"1783","lead","2013-05-09"
"1784","rfc","2013-05-09"
"1785","insensit","2013-05-09"
"1786","numer","2013-05-09"
"1787","sensit","2013-05-09"
"1788","plai","2013-05-09"
"1789","valid","2013-05-09"
"1790","outsid","2013-05-09"
"1791","si","2013-05-09"
"1792","md","2013-05-09"
"1793","rang","2013-05-09"
"1794","furu","2013-05-09"
"1795","tex","2013-05-09"
"1796","gawbw","2013-05-09"
"1797","q","2013-05-09"
"1798","charact","2013-05-09"
"1799","zy","2013-05-09"
"1800","next","2013-05-09"
"1801","lc","2013-05-09"
"1802","remov","2013-05-09"
"1810","dd","2013-05-10"
"1811","space","2013-05-10"
"1812","sim","2013-05-10"
"1813","me","2013-05-10"
"1814","hey","2013-05-10"
"1815","frontier","2013-05-10"
"1816","ple","2013-05-10"
"1817","help","2013-05-10"
"1818","final","2013-05-10"
"1819","fe","2013-05-10"
"1820","classpath","2013-05-10"
"1821","ok","2013-05-10"
"1822","instanti","2013-05-10"
"1823","lazy","2013-05-10"
"1824","world","2013-05-10"
"1825","jump","2013-05-10"
"1826","greet","2013-05-10"
"1827","mto","2013-05-10"
"1828","dog","2013-05-10"
"1829","depend","2013-05-10"
"1830","indirect","2013-05-10"
"1831","prevent","2013-05-10"
"1832","earlier","2013-05-10"
"1833","present","2013-05-10"
"1834","metadata","2013-05-10"
"1835","supply","2013-05-10"
"1836","strong","2013-05-10"
"1837","determin","2013-05-10"
"1838","okhttp","2013-05-10"
"1839","paramat","2013-05-10"
"1840","least","2013-05-10"
"1841","got","2013-05-10"
"1842","lowercas","2013-05-10"
"1843","digit","2013-05-10"
"1844","level","2013-05-10"
"1845","servic","2013-05-10"
"1846","underscor","2013-05-10"
"1847","www","2013-05-10"
"1848","urlencod","2013-05-10"
"1849","sha","2013-05-10"
"1850","bodi","2013-05-10"
"1851","mom","2013-05-10"
"1852","denot","2013-05-10"
"1853","multi","2013-05-10"
"1854","identifi","2013-05-10"
"1855","item","2013-05-10"
"1856","them","2013-05-10"
"1857","itself","2013-05-10"
"1858","defin","2013-05-10"
"1859","surround","2013-05-10"
"1860","curly","2013-05-10"
"1861","own","2013-05-10"
"1862","section","2013-05-10"
"1863","brace","2013-05-10"
"1864","take","2013-05-10"
"1865","altern","2013-05-10"
"1866","page","2013-05-10"
"1867","cat","2013-05-10"
"1868","built","2013-05-10"
"1869","compliant","2013-05-10"
"1870","category","2013-05-10"
"1873","next","2013-05-11"
"1874","lc","2013-05-11"
"1875","remov","2013-05-11"
"1876","insensit","2013-05-11"
"1880","respect","2013-05-12"
"1881","addit","2013-05-12"
"1882","ad","2013-05-12"
"1883","over","2013-05-12"
"1884","per","2013-05-12"
"1885","control","2013-05-12"
"1886","configur","2013-05-12"
"1887","mechan","2013-05-12"
"1888","measur","2013-05-12"
"1889","enabl","2013-05-12"
"1890","ɹɐq","2013-05-12"
"1891","oo","2013-05-12"
"1892","q","2013-05-12"
"1893","ooɟ","2013-05-12"
"1895","key","2013-05-13"
"1896","option","2013-05-19"
"1897","invalid","2013-05-22"
"1898","co","2013-05-22"
"1899","ta","2013-05-22"
"1900","aco","2013-05-22"
"1901","tac","2013-05-22"
"1902","regex","2013-05-22"
"1904","setup","2013-05-26"
"1905","handl","2013-05-26"
"1906","wrap","2013-05-26"
"1907","sberan","2013-05-26"
"1908","recommend","2013-05-26"
"1909","overrid","2013-05-26"
"1910","sam","2013-05-26"
"1911","unauthor","2013-05-26"
"1912","beran","2013-05-26"
"1913","usag","2013-05-26"
"1914","trim","2013-05-26"
"1915","blank","2013-05-26"
"1919","play","2013-06-02"
"1920","absent","2013-06-02"
"1921","nice","2013-06-02"
"1922","ms","2013-06-02"
"1926","facad","2013-06-03"
"1927","like","2013-06-03"
"1928","exist","2013-06-03"
"1929","intercept","2013-06-03"
"1930","interceptor","2013-06-03"
"1931","noth","2013-06-03"
"1932","modif","2013-06-03"
"1933","every","2013-06-03"
"1934","order","2013-06-03"
"1941","timeout","2013-06-24"
"1942","so","2013-06-24"
"1944","nkat","2013-06-25"
"1945","npong","2013-06-25"
"1946","fizz","2013-06-25"
"1947","remov","2013-06-25"
"1948","buzz","2013-06-25"
"1951","basic","2013-07-08"
"1952","full","2013-07-08"
"1953","nkat","2013-07-08"
"1954","npong","2013-07-08"
"1955","finger","2013-07-08"
"1956","butter","2013-07-08"
"1957","fizz","2013-07-08"
"1958","remov","2013-07-08"
"1959","buzz","2013-07-08"
"1960","loglevel","2013-07-08"
"1966","flag","2013-07-10"
"1967","disabl","2013-07-10"
"1969","been","2013-07-12"
"1970","element","2013-07-12"
"1971","already","2013-07-12"
"1972","protocol","2013-07-14"
"1973","proto","2013-07-14"
"1974","phone","2013-07-14"
"1975","parent","2013-07-14"
"1976","protobuf","2013-07-14"
"1977","extens","2013-07-14"
"1978","descriptor","2013-07-14"
"1979","bit","2013-07-14"
"1980","unfinish","2013-07-14"
"1981","ref","2013-07-14"
"1982","tag","2013-07-14"
"1983","initi","2013-07-14"
"1984","memoiz","2013-07-14"
"1985","prototyp","2013-07-14"
"1986","done","2013-07-14"
"1987","delimit","2013-07-14"
"1988","parser","2013-07-14"
"1989","mutabl","2013-07-14"
"1990","tabl","2013-07-14"
"1991","accessor","2013-07-14"
"1992","insert","2013-07-14"
"1993","point","2013-07-14"
"1994","comput","2013-07-14"
"1995","bs","2013-07-14"
"1996","uid","2013-07-14"
"1997","immut","2013-07-14"
"1998","scope","2013-07-14"
"1999","registry","2013-07-14"
"2000","protoc","2013-07-14"
"2001","merg","2013-07-14"
"2002","ordin","2013-07-14"
"2003","outer","2013-07-14"
"2004","regist","2013-07-14"
"2005","lang","2013-07-14"
"2006","yummy","2013-07-14"
"2007","decod","2013-07-14"
"2008","wrong","2013-07-14"
"2009","uniniti","2013-07-14"
"2010","forc","2013-07-14"
"2011","mayb","2013-07-14"
"2012","partial","2013-07-14"
"2013","clear","2013-07-14"
"2035","stack","2013-07-16"
"2036","sw","2013-07-16"
"2037","print","2013-07-16"
"2038","erro","2013-07-16"
"2039","trace","2013-07-16"
"2040","process","2013-07-16"
"2042","off","2013-07-17"
"2043","toggl","2013-07-17"
"2044","enabl","2013-07-17"
"2045","basic","2013-07-21"
"2046","full","2013-07-21"
"2047","protocol","2013-07-21"
"2048","proto","2013-07-21"
"2049","phone","2013-07-21"
"2050","parent","2013-07-21"
"2051","protobuf","2013-07-21"
"2052","extens","2013-07-21"
"2053","descriptor","2013-07-21"
"2054","bit","2013-07-21"
"2055","unfinish","2013-07-21"
"2056","ref","2013-07-21"
"2057","tag","2013-07-21"
"2058","initi","2013-07-21"
"2059","memoiz","2013-07-21"
"2060","prototyp","2013-07-21"
"2061","done","2013-07-21"
"2062","delimit","2013-07-21"
"2063","parser","2013-07-21"
"2064","mutabl","2013-07-21"
"2065","tabl","2013-07-21"
"2066","accessor","2013-07-21"
"2067","insert","2013-07-21"
"2068","point","2013-07-21"
"2069","comput","2013-07-21"
"2070","bs","2013-07-21"
"2071","uid","2013-07-21"
"2072","immut","2013-07-21"
"2073","scope","2013-07-21"
"2074","registry","2013-07-21"
"2075","protoc","2013-07-21"
"2076","merg","2013-07-21"
"2077","nkat","2013-07-21"
"2078","npong","2013-07-21"
"2079","finger","2013-07-21"
"2080","butter","2013-07-21"
"2081","fizz","2013-07-21"
"2082","remov","2013-07-21"
"2083","buzz","2013-07-21"
"2084","outer","2013-07-21"
"2085","regist","2013-07-21"
"2086","lang","2013-07-21"
"2087","yummy","2013-07-21"
"2088","decod","2013-07-21"
"2089","wrong","2013-07-21"
"2090","uniniti","2013-07-21"
"2091","forc","2013-07-21"
"2092","mayb","2013-07-21"
"2093","partial","2013-07-21"
"2094","clear","2013-07-21"
"2095","stack","2013-07-21"
"2096","sw","2013-07-21"
"2097","loglevel","2013-07-21"
"2098","print","2013-07-21"
"2099","erro","2013-07-21"
"2100","ordin","2013-07-21"
"2101","trace","2013-07-21"
"2102","process","2013-07-21"
"2108","jackson","2013-07-22"
"2109","obj","2013-07-22"
"2110","mapper","2013-07-22"
"2111","kai","2013-07-22"
"2112","writi","2013-07-22"
"2113","waldron","2013-07-22"
"2114","kaiwaldron","2013-07-22"
"2115","prime","2013-07-22"
"2123","factory","2013-07-23"
"2124","patch","2013-08-05"
"2125","patc","2013-08-05"
"2126","h","2013-08-05"
"2127","access","2013-08-05"
"2131","patch","2013-08-07"
"2132","patc","2013-08-07"
"2133","h","2013-08-07"
"2134","access","2013-08-07"
"2135","ng","2013-08-07"
"2136","been","2013-08-07"
"2137","element","2013-08-07"
"2138","already","2013-08-07"
"2146","threw","2013-08-08"
"2147","avail","2013-08-08"
"2148","offset","2013-08-08"
"2149","skip","2013-08-08"
"2150","limit","2013-08-08"
"2151","reset","2013-08-08"
"2152","catch","2013-08-08"
"2153","deleg","2013-08-08"
"2161","against","2013-08-13"
"2162","replay","2013-08-13"
"2163","tape","2013-08-13"
"2164","record","2013-08-13"
"2165","command","2013-08-13"
"2168","mobil","2013-08-23"
"2169","home","2013-08-23"
"2170","id","2013-08-23"
"2171","email","2013-08-23"
"2172","address","2013-08-23"
"2173","person","2013-08-23"
"2174","user","2013-08-23"
"2175","here","2013-08-23"
"2176","store","2013-08-23"
"2177","wire","2013-08-23"
"2178","pipe","2013-08-23"
"2183","anyth","2013-09-10"
"2184","logger","2013-09-18"
"2185","sourc","2013-10-27"
"2186","bo","2013-10-27"
"2187","ric","2013-10-27"
"2188","osw","2013-10-27"
"2189","flush","2013-10-27"
"2190","xml","2013-10-27"
"2191","fabien","2013-10-27"
"2192","persist","2013-10-27"
"2200","mode","2013-10-31"
"2201","fix","2013-10-31"
"2203","pct","2013-11-06"
"2204","varianc","2013-11-06"
"2205","listen","2013-11-06"
"2206","delay","2013-11-06"
"2207","stuff","2013-11-06"
"2208","expos","2013-11-06"
"2209","quickly","2013-11-06"
"2210","consist","2013-11-06"
"2211","trip","2013-11-06"
"2212","would","2013-11-06"
"2213","vari","2013-11-06"
"2214","exhibit","2013-11-06"
"2215","similar","2013-11-06"
"2216","posit","2013-11-06"
"2217","percentag","2013-11-06"
"2218","automat","2013-11-06"
"2219","simul","2013-11-06"
"2220","slowly","2013-11-06"
"2221","characterist","2013-11-06"
"2222","notifi","2013-11-06"
"2223","wait","2013-11-06"
"2224","durat","2013-11-06"
"2225","deviat","2013-11-06"
"2226","notify","2013-11-06"
"2227","sleep","2013-11-06"
"2228","minu","2013-11-06"
"2229","larg","2013-11-06"
"2230","event","2013-11-06"
"2231","face","2013-11-06"
"2232","randomly","2013-11-06"
"2233","float","2013-11-06"
"2234","while","2013-11-06"
"2235","second","2013-11-06"
"2236","act","2013-11-06"
"2237","interrupt","2013-11-06"
"2238","written","2013-11-06"
"2239","those","2013-11-06"
"2240","real","2013-11-06"
"2241","both","2013-11-06"
"2242","uptim","2013-11-06"
"2243","next","2013-11-06"
"2244","some","2013-11-06"
"2245","flaky","2013-11-06"
"2246","becaus","2013-11-06"
"2247","scale","2013-11-06"
"2248","percent","2013-11-06"
"2249","now","2013-11-06"
"2250","factor","2013-11-06"
"2251","singleton","2013-11-06"
"2252","behav","2013-11-06"
"2253","round","2013-11-06"
"2254","anywher","2013-11-06"
"2255","plu","2013-11-06"
"2256","until","2013-11-06"
"2257","simply","2013-11-06"
"2258","moc","2013-11-06"
"2259","inner","2013-11-06"
"2260","arraycopy","2013-11-06"
"2261","instal","2013-11-06"
"2262","prefer","2013-11-06"
"2263","share","2013-11-06"
"2264","edit","2013-11-06"
"2265","apply","2013-11-06"
"2266","stori","2013-11-06"
"2267","rang","2013-11-06"
"2268","seed","2013-11-06"
"2269","becom","2013-11-06"
"2270","restrict","2013-11-06"
"2271","found","2013-11-06"
"2272","too","2013-11-06"
"2273","accur","2013-11-06"
"2274","instead","2013-11-06"
"2330","bad","2013-11-07"
"2331","temporarily","2013-11-07"
"2332","higher","2013-11-07"
"2333","perm","2013-11-07"
"2334","forbid","2013-11-07"
"2335","permanent","2013-11-07"
"2336","perman","2013-11-07"
"2337","observ","2013-11-08"
"2338","schedul","2013-11-08"
"2339","subscrib","2013-11-08"
"2340","howdy","2013-11-08"
"2341","fai","2013-11-08"
"2342","action","2013-11-08"
"2343","isn","2013-11-08"
"2344","rx","2013-11-08"
"2345","avoid","2013-11-08"
"2352","captor","2013-11-12"
"2353","y","2013-11-12"
"2354","captur","2013-11-12"
"2355","joe","2013-11-15"
"2356","big","2013-11-15"
"2357","smith","2013-11-15"
"2358","bird","2013-11-15"
"2359","picasso","2013-11-15"
"2360","proposit","2013-11-15"
"2361","keiser","2013-11-15"
"2362","soze","2013-11-15"
"2363","john","2013-11-15"
"2364","println","2013-11-15"
"2370","complaint","2013-12-02"
"2371","inherit","2013-12-08"
"2372","complaint","2013-12-09"
"2373","complaint","2013-12-19"
"2374","inherit","2013-12-19"
"2376","map","2014-01-14"
"2377","deprec","2014-01-23"
"2378","factori","2014-01-23"
"2379","palantir","2014-01-23"
"2380","matt","2014-01-23"
"2381","hickman","2014-01-23"
"2382","mhickman","2014-01-23"
"2384","block","2014-02-20"
"2385","lot","2014-02-20"
"2386","have","2014-02-20"
"2387","z","2014-02-20"
"2388","extract","2014-02-20"
"2389","unus","2014-02-20"
"2390","payload","2014-02-20"
"2391","app","2014-02-20"
"2392","engin","2014-02-20"
"2393","googl","2014-02-20"
"2394","fetch","2014-02-20"
"2395","appengin","2014-02-20"
"2399","alter","2014-03-19"
"2400","might","2014-03-19"
"2401","note","2014-03-19"
"2402","amp","2014-03-20"
"2403","latch","2014-03-24"
"2404","await","2014-03-24"
"2406","jav","2014-05-08"
"2407","unsubscrib","2014-05-08"
"2408","mockito","2014-05-08"
"2409","lock","2014-05-08"
"2410","un","2014-05-08"
"2411","subscript","2014-05-08"
"2412","off","2014-05-08"
"2413","advanc","2014-05-08"
"2414","callabl","2014-05-08"
"2415","queue","2014-05-08"
"2416","correct","2014-05-08"
"2417","queu","2014-05-08"
"2418","hasn","2014-05-08"
"2419","aid","2014-05-08"
"2421","subtyp","2014-05-23"
"2422","newer","2014-05-27"
"2423","down","2014-06-02"
"2424","tear","2014-06-02"
"2425","enqueu","2014-06-02"
"2426","integr","2014-06-02"
"2427","port","2014-06-02"
"2428","shutdown","2014-06-02"
"2430","product","2014-06-05"
"2431","havi","2014-06-05"
"2432","unbuff","2014-06-05"
"2433","requ","2014-07-29"
"2434","bod","2014-07-29"
"2435","abl","2014-07-29"
"2436","dynam","2014-09-15"
"2437","old","2014-09-27"
"2438","deprec","2014-09-27"
"2440","foobarbaz","2014-10-03"
"2441","pull","2014-10-03"
"2442","reflect","2014-10-03"
"2443","cl","2014-10-03"
"2444","inspect","2014-10-03"
"2445","omit","2014-10-03"
"2447","kind","2014-10-06"
"2448","flat","2014-10-06"
"2449","just","2014-10-06"
"2450","networ","2014-10-06"
"2451","reject","2014-10-06"
"2452","pi","2014-10-06"
"2454","appengin","2014-10-15"
"2455","strict","2014-11-19"
"2456","baz","2014-11-23"
"2457","ba","2014-11-23"
"2458","pin","2014-11-23"
"2459","na","2014-11-23"
"2463","media","2014-12-30"
"2464","calback","2015-01-29"
"2465","enqueu","2015-01-29"
"2466","pop","2015-01-29"
"2467","todo","2015-01-29"
"2471","writer","2015-01-30"
"2472","indic","2015-01-31"
"2473","successfully","2015-01-31"
"2474","complet","2015-01-31"
"2475","report","2015-01-31"
"2479","chain","2015-02-02"
"2480","okio","2015-02-02"
"2481","sink","2015-02-02"
"2482","problem","2015-02-02"
"2483","occur","2015-02-02"
"2484","state","2015-02-02"
"2485","try","2015-02-02"
"2486","illeg","2015-02-02"
"2487","disconnect","2015-02-02"
"2488","ns","2015-02-02"
"2489","policy","2015-02-02"
"2490","socket","2015-02-02"
"2494","disposit","2015-04-15"
"2495","snapshot","2015-04-16"
"2496","includ","2015-04-19"
"2497","skip","2015-04-19"
"2498","nothin","2015-04-19"
"2499","it","2015-05-20"
"2500","re","2015-05-20"
"2501","fake","2015-05-20"
"2502","cancel","2015-06-01"
"2503","specify","2015-06-01"
"2504","wilcard","2015-06-01"
"2505","deep","2015-06-01"
"2506","tweet","2015-06-01"
"2507","task","2015-06-01"
"2508","futur","2015-06-01"
"2509","ip","2015-06-01"
"2510","forward","2015-06-01"
"2511","duri","2015-06-01"
"2512","linkplain","2015-06-01"
"2513","localhost","2015-06-01"
"2514","todo","2015-06-01"
"2515","warn","2015-06-01"
"2516","doc","2015-06-01"
"2517","am","2015-06-01"
"2518","ra","2015-06-01"
"2519","incom","2015-06-01"
"2520","outgo","2015-06-01"
"2521","guard","2015-06-01"
"2522","ok","2015-06-01"
"2523","already","2015-06-01"
"2524","concurr","2015-06-01"
"2525","were","2015-06-01"
"2526","abl","2015-06-01"
"2527","indic","2015-06-01"
"2528","receiv","2015-06-01"
"2529","remot","2015-06-01"
"2530","program","2015-06-01"
"2531","experienc","2015-06-01"
"2532","attempt","2015-06-01"
"2533","fatal","2015-06-01"
"2534","otherwis","2015-06-01"
"2535","consid","2015-06-01"
"2536","copyright","2015-06-01"
"2537","taken","2015-06-01"
"2538","inc","2015-06-01"
"2539","licens","2015-06-01"
"2540","googl","2015-06-01"
"2541","apach","2015-06-01"
"2542","under","2015-06-01"
"2543","sampl","2015-06-01"
"2544","guava","2015-06-01"
"2545","bin","2015-06-01"
"2546","factori","2015-06-01"
"2547","patchpatc","2015-06-01"
"2548","packag","2015-06-01"
"2549","invoc","2015-06-01"
"2550","privat","2015-06-01"
"2551","synthet","2015-06-01"
"2552","also","2015-06-01"
"2553","subscript","2015-06-01"
"2554","subcrib","2015-06-01"
"2565","custo","2015-06-02"
"2566","disallow","2015-06-03"
"2567","crazy","2015-06-03"
"2568","either","2015-06-03"
"2569","variabl","2015-06-03"
"2570","includ","2015-06-03"
"2571","nest","2015-06-03"
"2572","disconnect","2015-06-03"
"2573","may","2015-06-03"
"2581","unabl","2015-06-04"
"2582","crazy","2015-06-05"
"2583","variabl","2015-06-05"
"2584","includ","2015-06-05"
"2585","nest","2015-06-05"
"2589","bkit","2015-06-06"
"2590","unresolv","2015-06-07"
"2591","ftp","2015-06-08"
"2592","eagerly","2015-06-08"
"2593","repres","2015-06-08"
"2594","propag","2015-06-10"
"2595","illeg","2015-06-10"
"2597","unwrap","2015-06-11"
"2598","less","2015-06-11"
"2599","interceptor","2015-06-11"
"2600","throttl","2015-06-11"
"2601","mask","2015-06-11"
"2602","exeut","2015-06-11"
"2603","caught","2015-06-11"
"2604","queitly","2015-06-11"
"2605","closeabl","2015-06-11"
"2612","stringy","2015-06-16"
"2613","greet","2015-06-16"
"2615","reader","2015-06-17"
"2616","end","2015-06-17"
"2617","begin","2015-06-17"
"2618","moshi","2015-06-17"
"2619","snapshot","2015-06-17"
"2622","element","2015-06-18"
"2623","world","2015-06-18"
"2624","could","2015-06-18"
"2625","way","2015-06-18"
"2626","visibi","2015-06-18"
"2627","checker","2015-06-18"
"2628","modul","2015-06-18"
"2629","config","2015-06-18"
"2630","njct","2015-06-18"
"2631","mw","2015-06-18"
"2632","nt","2015-06-18"
"2633","nte","2015-06-18"
"2634","cg","2015-06-18"
"2635","q","2015-06-18"
"2636","ksa","2015-06-18"
"2637","jso","2015-06-18"
"2638","unexpectedly","2015-06-18"
"2639","ctxt","2015-06-18"
"2640","jp","2015-06-18"
"2641","token","2015-06-18"
"2642","peek","2015-06-18"
"2653","framework","2015-06-19"
"2654","xm","2015-06-19"
"2656","action","2015-06-20"
"2657","state","2015-06-21"
"2658","cloni","2015-06-21"
"2659","quietly","2015-06-21"
"2660","nope","2015-06-21"
"2661","okhttp","2015-06-21"
"2662","nully","2015-06-21"
"2664","noth","2015-06-27"
"2665","resolv","2015-06-28"
"2666","come","2015-06-28"
"2667","absolut","2015-06-28"
"2668","org","2015-06-28"
"2672","host","2015-06-29"
"2673","own","2015-07-08"
"2674","poll","2015-07-08"
"2675","webserv","2015-07-08"
"2676","writi","2015-07-08"
"2677","each","2015-07-08"
"2678","send","2015-07-08"
"2679","busy","2015-07-08"
"2680","yield","2015-07-08"
"2681","design","2015-07-08"
"2682","retry","2015-07-08"
"2688","maki","2015-07-09"
"2689","dispatch","2015-07-09"
"2690","level","2015-07-09"
"2691","note","2015-07-09"
"2692","prepar","2015-07-09"
"2693","typic","2015-07-09"
"2694","doesn","2015-07-09"
"2695","bg","2015-07-14"
"2696","daemon","2015-07-14"
"2697","submit","2015-07-14"
"2698","pool","2015-07-14"
"2699","noe","2015-07-14"
"2700","oh","2015-07-14"
"2701","amount","2015-07-14"
"2702","delta","2015-07-14"
"2703","unit","2015-07-14"
"2704","privat","2015-07-14"
"2705","final","2015-07-14"
"2706","succe","2015-07-14"
"2710","yep","2015-07-15"
"2711","accord","2015-07-24"
"2712","timer","2015-07-24"
"2713","apply","2015-07-24"
"2714","flat","2015-07-24"
"2715","respond","2015-07-24"
"2716","immedi","2015-07-24"
"2717","do","2015-07-24"
"2718","xx","2015-08-07"
"2719","full","2015-08-07"
"2720","k","2015-08-07"
"2721","assign","2015-08-16"
"2722","factori","2015-08-16"
"2723","lite","2015-08-16"
"2724","locat","2015-08-16"
"2725","tri","2015-08-16"
"2726","unmodifi","2015-08-16"
"2727","append","2015-08-16"
"2728","rx","2015-08-22"
"2729","canon","2015-08-22"
"2730","helper","2015-08-22"
"2731","sequenc","2015-08-22"
"2732","big","2015-08-22"
"2733","integ","2015-08-22"
"2734","ab","2015-08-22"
"2735","de","2015-08-22"
"2736","appli","2015-08-22"
"2737","trait","2015-08-22"
"2738","exhibit","2015-08-22"
"2739","properti","2015-08-22"
"2740","elsewher","2015-08-22"
"2741","slower","2015-08-22"
"2742","emul","2015-08-22"
"2743","faster","2015-08-22"
"2744","model","2015-08-22"
"2745","fluctuat","2015-08-22"
"2759","lookup","2015-08-23"
"2760","classload","2015-08-23"
"2761","special","2015-08-23"
"2762","bind","2015-08-23"
"2763","unreflect","2015-08-23"
"2766","subclass","2015-09-03"
"2767","flexibl","2015-09-03"
"2768","last","2015-09-03"
"2769","els","2015-09-03"
"2770","becaus","2015-09-03"
"2771","assum","2015-09-03"
"2772","mix","2015-09-03"
"2773","someth","2015-09-03"
"2774","chanc","2015-09-03"
"2775","care","2015-09-03"
"2781","creation","2015-09-11"
"2782","eagerly","2015-09-11"
"2784","recurs","2015-09-23"
"2785","queri","2015-09-23"
"2786","disposit","2015-09-23"
"2787","past","2015-09-23"
"2788","avail","2015-09-23"
"2791","user","2015-09-24"
"2792","erro","2015-09-24"
"2793","resourc","2015-09-24"
"2794","shutdown","2015-09-25"
"2795","segment","2015-09-25"
"2796","limit","2015-09-25"
"2797","hex","2015-09-25"
"2798","exhaust","2015-09-25"
"2799","out","2015-09-25"
"2800","canonic","2015-09-25"
"2801","unsubscrib","2015-09-25"
"2802","complet","2015-09-25"
"2809","snapshot","2015-10-24"
"2810","disabl","2015-10-28"
"2811","disabl","2015-11-01"
"2812","granular","2015-11-12"
"2813","org","2015-11-12"
"2814","httpbin","2015-11-12"
"2815","exercis","2015-11-12"
"2816","left","2015-11-12"
"2817","variou","2015-11-12"
"2818","offer","2015-11-12"
"2819","condit","2015-11-12"
"2820","unauthent","2015-11-12"
"2827","talk","2015-11-15"
"2828","process","2015-11-15"
"2829","synthet","2015-11-15"
"2830","target","2015-11-15"
"2831","usag","2015-11-15"
"2832","trail","2015-11-15"
"2833","slash","2015-11-15"
"2834","fix","2015-11-15"
"2835","href","2015-11-15"
"2836","scheme","2015-11-15"
"2837","against","2015-11-15"
"2838","retain","2015-11-15"
"2839","br","2015-11-15"
"2840","incorrect","2015-11-15"
"2841","themselv","2015-11-15"
"2842","alway","2015-11-15"
"2843","lead","2015-11-15"
"2844","stay","2015-11-15"
"2845","enforc","2015-11-15"
"2846","correct","2015-11-15"
"2847","ls","2015-11-15"
"2848","correctly","2015-11-15"
"2849","websit","2015-11-15"
"2850","desir","2015-11-15"
"2851","runtim","2015-11-15"
"2852","been","2015-11-15"
"2853","never","2015-11-15"
"2854","even","2015-11-15"
"2855","flight","2015-11-15"
"2856","notify","2015-11-15"
"2857","yet","2015-11-15"
"2858","iter","2015-11-16"
"2859","box","2015-11-19"
"2860","report","2015-11-23"
"2861","doubl","2015-11-24"
"2862","integ","2015-11-24"
"2863","scalar","2015-11-24"
"2864","long","2015-11-24"
"2865","unsupport","2015-11-24"
"2866","boolean","2015-11-24"
"2867","short","2015-11-24"
"2868","chunk","2015-11-24"
"2869","known","2015-11-24"
"2876","appropri","2015-12-05"
"2877","pool","2015-12-21"
"2878","defer","2015-12-21"
"2879","un","2015-12-21"
"2880","until","2015-12-21"
"2881","blackbox","2015-12-21"
"2882","affect","2015-12-21"
"2883","conveni","2015-12-21"
"2884","subsequ","2015-12-21"
"2885","defens","2015-12-21"
"2886","prevent","2015-12-21"
"2892","instal","2015-12-22"
"2893","run","2015-12-22"
"2894","would","2015-12-22"
"2895","final","2015-12-22"
"2896","hypothet","2015-12-22"
"2897","callabl","2015-12-22"
"2898","how","2015-12-22"
"2899","builderth","2015-12-22"
"2900","automat","2015-12-22"
"2901","nor","2015-12-22"
"2902","neither","2015-12-22"
"2907","bad","2015-12-29"
"2908","did","2015-12-29"
"2909","mean","2015-12-29"
"2910","uri","2016-01-05"
"2911","net","2016-01-05"
"2913","bb","2016-01-16"
"2914","redact","2016-01-18"
"2915","inner","2016-01-25"
"2916","runnabl","2016-01-25"
"2917","extract","2016-01-25"
"2918","access","2016-01-25"
"2919","constructor","2016-01-25"
"2922","simplexml","2016-01-26"
"2923","order","2016-01-28"
"2924","accept","2016-01-28"
"2925","around","2016-01-28"
"2926","our","2016-01-28"
"2927","we","2016-01-28"
"2928","eximel","2016-01-28"
"2929","jason","2016-01-28"
"2930","record","2016-01-28"
"2931","ns","2016-01-28"
"2932","appl","2016-01-28"
"2933","robovm","2016-01-28"
"2934","foundat","2016-01-28"
"2935","queue","2016-01-28"
"2936","qualifi","2016-01-28"
"2937","filter","2016-01-28"
"2938","id","2016-01-28"
"2954","enclos","2016-01-29"
"2955","nworld","2016-01-29"
"2956","superclass","2016-01-29"
"2957","context","2016-01-29"
"2958","va","2016-01-29"
"2959","vb","2016-01-29"
"2960","wa","2016-01-29"
"2961","wb","2016-01-29"
"2962","ga","2016-01-29"
"2963","gb","2016-01-29"
"2964","pa","2016-01-29"
"2965","pb","2016-01-29"
"2966","supertyp","2016-01-29"
"2967","languag","2016-01-29"
"2968","most","2016-01-29"
"2969","super","2016-01-29"
"2970","what","2016-01-29"
"2985","ahead","2016-02-03"
"2986","nheader","2016-02-03"
"2987","blue","2016-02-03"
"2988","unencod","2016-02-03"
"2989","split","2016-02-03"
"2992","lenient","2016-02-15"
"2993","comment","2016-02-15"
"2995","schedul","2016-02-19"
"2996","multimap","2016-02-20"
"2997","direct","2016-02-29"
"2998","jvm","2016-03-01"
"2999","potenti","2016-03-06"
"3000","reus","2016-03-06"
"3001","reusabl","2016-03-06"
"3002","expens","2016-03-06"
"3003","got","2016-03-06"
"3004","best","2016-03-06"
"3005","def","2016-03-06"
"3006","sequenc","2016-03-06"
"3007","abc","2016-03-06"
"3008","confirm","2016-03-06"
"3009","captur","2016-03-06"
"3010","earlier","2016-03-06"
"3014","supply","2016-03-10"
"3015","txt","2016-03-10"
"3016","filenam","2016-03-10"
"3017","forbid","2016-03-10"
"3018","instead","2016-03-10"
"3019","differ","2016-03-10"
"3021","titl","2016-03-14"
"3022","increment","2016-03-14"
"3023","turn","2016-03-14"
"3024","webpag","2016-03-14"
"3025","crawl","2016-03-14"
"3026","web","2016-03-14"
"3027","absent","2016-03-14"
"3028","connect","2016-03-14"
"3029","max","2016-03-14"
"3030","previou","2016-03-14"
"3031","crawler","2016-03-14"
"3032","fetch","2016-03-14"
"3036","backpressur","2016-03-29"
"3037","respect","2016-03-29"
"3038","nbar","2016-03-29"
"3039","arbit","2016-03-29"
"3040","compar","2016-03-29"
"3041","flat","2016-03-29"
"3042","let","2016-03-29"
"3043","havi","2016-03-29"
"3044","break","2016-03-29"
"3045","func","2016-03-29"
"3046","produc","2016-03-29"
"3047","child","2016-03-29"
"3051","until","2016-04-02"
"3052","ora","2016-04-02"
"3053","voicemail","2016-04-02"
"3054","wrap","2016-04-03"
"3055","var","2016-04-08"
"3056","wild","2016-04-08"
"3058","search","2016-04-20"
"3059","honor","2016-05-05"
"3060","你好","2016-05-05"
"3061","世界","2016-05-05"
"3062","stack","2016-05-16"
"3063","trace","2016-05-16"
"3064","misleadingly","2016-05-16"
"3065","practic","2016-05-16"
"3066","sinc","2016-05-16"
"3067","unrel","2016-05-16"
"3069","those","2016-06-06"
"3070","look","2016-06-06"
"3072","fef","2016-07-08"
"3073","bom","2016-07-08"
"3074","efbbb","2016-07-08"
"3075","less","2016-08-02"
"3076","third","2016-08-02"
"3078","repeat","2016-08-03"
"3079","oneof","2016-08-03"
"3080","back","2016-08-03"
"3081","finder","2016-08-03"
"3082","fall","2016-08-03"
"3083","fallback","2016-08-03"
"3085","subject","2016-08-16"
"3086","experiment","2016-08-16"
"3087","backward","2016-08-16"
"3088","em","2016-08-16"
"3089","stabl","2016-08-16"
"3090","incompat","2016-08-16"
"3092","upstream","2016-08-17"
"3093","defer","2016-08-17"
"3094","separ","2016-08-17"
"3095","verif","2016-08-17"
"3096","bytecod","2016-08-17"
"3097","termin","2016-08-17"
"3098","sent","2016-08-17"
"3099","event","2016-08-17"
"3107","composit","2016-08-19"
"3108","plugin","2016-08-19"
"3109","init","2016-08-19"
"3110","happen","2016-08-19"
"3111","stacktrac","2016-08-19"
"3112","bug","2016-08-19"
"3113","reset","2016-08-19"
"3114","unsaf","2016-08-19"
"3115","deliv","2016-08-19"
"3116","rule","2016-08-19"
"3117","action","2016-08-19"
"3118","forward","2016-08-19"
"3119","descript","2016-08-19"
"3120","j","2016-08-19"
"3121","guarante","2016-08-19"
"3122","notif","2016-08-19"
"3123","unconsum","2016-08-19"
"3138","dispos","2016-11-12"
"3139","flowabl","2016-11-12"
"3140","safe","2016-11-12"
"3141","upstream","2016-11-12"
"3142","subscript","2016-11-12"
"3143","inner","2016-11-12"
"3144","termin","2016-11-12"
"3145","init","2016-11-12"
"3146","happen","2016-11-12"
"3147","stacktrac","2016-11-12"
"3148","bug","2016-11-12"
"3149","share","2016-11-12"
"3153","unsubscrib","2016-12-07"
"3154","wait","2016-12-07"
"3155","composit","2016-12-07"
"3156","arbit","2016-12-07"
"3157","emit","2016-12-07"
"3158","compar","2016-12-07"
"3159","sent","2016-12-07"
"3160","library","2017-01-17"
"3161","strin","2017-01-29"
"3162","delici","2017-01-29"
"3163","effect","2017-01-29"
"3164","threw","2017-01-30"
"3165","unrecover","2017-01-30"
"3166","anoth","2017-01-30"
"3167","deprec","2017-02-13"
