"1","button","2010-12-06"
"2","label","2010-12-06"
"3","text","2010-12-06"
"4","display","2010-12-06"
"8","upload","2011-01-20"
"9","multipart","2011-01-20"
"10","ting","2011-01-20"
"11","pair","2011-01-20"
"12","form","2011-01-20"
"13","assign","2011-01-20"
"15","enter","2011-04-26"
"16","titl","2011-04-26"
"17","look","2011-04-26"
"18","anoth","2011-04-26"
"19","email","2011-04-26"
"20","address","2011-04-26"
"21","friendly","2011-04-26"
"22","sentenc","2011-04-26"
"23","dialog","2011-04-26"
"24","few","2011-04-26"
"25","may","2011-04-26"
"26","though","2011-04-26"
"27","might","2011-04-26"
"28","word","2011-04-26"
"30","peak","2011-09-01"
"31","itor","2011-11-28"
"32","lazily","2011-12-13"
"33","holder","2011-12-13"
"34","expens","2011-12-13"
"35","constantly","2011-12-13"
"36","mb","2011-12-13"
"37","them","2011-12-13"
"39","about","2011-12-16"
"40","contact","2011-12-16"
"41","re","2011-12-16"
"42","notif","2011-12-16"
"46","str","2012-03-26"
"47","compar","2012-04-09"
"48","timeout","2012-05-22"
"49","unauthor","2012-05-22"
"50","forbidden","2012-05-22"
"51","gateway","2012-05-22"
"55","injector","2012-07-18"
"56","via","2012-07-18"
"57","them","2012-07-18"
"58","must","2012-07-18"
"59","googl","2012-07-18"
"60","control","2012-07-18"
"62","properti","2012-08-21"
"63","property","2012-08-21"
"64","option","2012-08-21"
"65","requir","2012-08-21"
"66","product","2012-08-21"
"69","got","2012-08-30"
"70","two","2012-08-30"
"72","shake","2012-09-05"
"73","shaki","2012-09-05"
"74","sb","2012-09-05"
"75","q","2012-09-05"
"76","ally","2012-09-05"
"77","rate","2012-09-05"
"78","sampl","2012-09-05"
"79","lg","2012-09-05"
"80","detector","2012-09-05"
"81","next","2012-09-05"
"82","threshol","2012-09-05"
"83","d","2012-09-05"
"84","pool","2012-09-05"
"85","acceleromet","2012-09-05"
"86","taken","2012-09-05"
"87","acceler","2012-09-05"
"88","timestamp","2012-09-05"
"89","acquir","2012-09-05"
"90","releas","2012-09-05"
"91","avoid","2012-09-05"
"92","collect","2012-09-05"
"93","shaken","2012-09-05"
"94","devic","2012-09-05"
"95","those","2012-09-05"
"96","nanosecond","2012-09-05"
"97","below","2012-09-05"
"98","entry","2012-09-05"
"99","keep","2012-09-05"
"100","ns","2012-09-05"
"101","deliv","2012-09-05"
"102","purg","2012-09-05"
"103","comput","2012-09-05"
"104","min","2012-09-05"
"105","fall","2012-09-05"
"106","older","2012-09-05"
"107","oldest","2012-09-05"
"108","window","2012-09-05"
"109","cutoff","2012-09-05"
"110","averag","2012-09-05"
"111","accuracy","2012-09-05"
"112","threshold","2012-09-05"
"113","without","2012-09-05"
"114","sqrt","2012-09-05"
"115","hardwar","2012-09-05"
"116","stop","2012-09-05"
"117","phone","2012-09-05"
"118","ax","2012-09-05"
"119","ay","2012-09-05"
"120","az","2012-09-05"
"121","sensor","2012-09-05"
"122","math","2012-09-05"
"123","regist","2012-09-05"
"124","detect","2012-09-05"
"125","unregist","2012-09-05"
"126","free","2012-09-05"
"127","h","2012-09-05"
"128","magnitud","2012-09-05"
"129","appropri","2012-09-05"
"135","web","2012-09-16"
"136","ssl","2012-09-16"
"137","develop","2012-09-16"
"138","warn","2012-09-16"
"139","squar","2012-09-16"
"140","site","2012-09-16"
"142","posit","2012-09-25"
"143","offset","2012-09-25"
"144","ring","2012-09-25"
"145","remain","2012-09-25"
"146","seek","2012-09-25"
"147","raf","2012-09-25"
"148","element","2012-09-25"
"149","recov","2012-09-25"
"150","commit","2012-09-25"
"151","addit","2012-09-25"
"152","accommod","2012-09-25"
"153","recent","2012-09-25"
"154","fully","2012-09-25"
"155","ad","2012-09-25"
"156","past","2012-09-25"
"157","automat","2012-09-25"
"158","much","2012-09-25"
"159","retriev","2012-09-25"
"160","be","2012-09-25"
"161","long","2012-09-25"
"162","journal","2012-09-25"
"163","conjunct","2012-09-25"
"164","insuffici","2012-09-25"
"165","behavior","2012-09-25"
"166","necessary","2012-09-25"
"167","tradit","2012-09-25"
"168","stori","2012-09-25"
"169","reliabl","2012-09-25"
"170","exce","2012-09-25"
"171","oper","2012-09-25"
"172","goe","2012-09-25"
"173","open","2012-09-25"
"174","font","2012-09-25"
"175","di","2012-09-25"
"176","reader","2012-09-25"
"177","forc","2012-09-25"
"178","hold","2012-09-25"
"179","red","2012-09-25"
"180","structur","2012-09-25"
"181","segment","2012-09-25"
"182","newest","2012-09-25"
"183","initi","2012-09-25"
"184","effici","2012-09-25"
"185","overlap","2012-09-25"
"186","abort","2012-09-25"
"187","rwd","2012-09-25"
"188","unus","2012-09-25"
"189","memory","2012-09-25"
"190","color","2012-09-25"
"191","mutat","2012-09-25"
"192","back","2012-09-25"
"193","fifo","2012-09-25"
"194","yet","2012-09-25"
"195","underly","2012-09-25"
"196","eof","2012-09-25"
"197","big","2012-09-25"
"198","smaller","2012-09-25"
"199","channel","2012-09-25"
"200","visibl","2012-09-25"
"201","variabl","2012-09-25"
"202","block","2012-09-25"
"203","writi","2012-09-25"
"204","surviv","2012-09-25"
"205","even","2012-09-25"
"206","don","2012-09-25"
"207","member","2012-09-25"
"208","power","2012-09-25"
"209","avail","2012-09-25"
"210","restart","2012-09-25"
"211","more","2012-09-25"
"212","bigger","2012-09-25"
"213","peek","2012-09-25"
"214","garbag","2012-09-25"
"215","ll","2012-09-25"
"216","expans","2012-09-25"
"217","codebuff","2012-09-25"
"218","while","2012-09-25"
"219","convent","2012-09-25"
"220","truncat","2012-09-25"
"221","entri","2012-09-25"
"222","modif","2012-09-25"
"223","expand","2012-09-25"
"224","disk","2012-09-25"
"225","eldest","2012-09-25"
"226","safe","2012-09-25"
"227","continu","2012-09-25"
"228","design","2012-09-25"
"229","process","2012-09-25"
"230","built","2012-09-25"
"231","clear","2012-09-25"
"232","enough","2012-09-25"
"233","yaff","2012-09-25"
"234","previou","2012-09-25"
"235","within","2012-09-25"
"236","nano","2012-09-25"
"237","num","2012-09-25"
"238","had","2012-09-25"
"239","down","2012-09-25"
"240","space","2012-09-25"
"241","correctly","2012-09-25"
"242","split","2012-09-25"
"243","pick","2012-09-25"
"244","ran","2012-09-25"
"245","iter","2012-09-25"
"246","eo","2012-09-25"
"247","take","2012-09-25"
"248","were","2012-09-25"
"249","begin","2012-09-25"
"250","portion","2012-09-25"
"251","tear","2012-09-25"
"252","braf","2012-09-25"
"253","max","2012-09-25"
"254","cross","2012-09-25"
"255","exercis","2012-09-25"
"256","round","2012-09-25"
"257","broken","2012-09-25"
"258","break","2012-09-25"
"259","mode","2012-09-25"
"260","reject","2012-09-25"
"261","oppos","2012-09-25"
"262","fewer","2012-09-25"
"263","per","2012-09-25"
"264","enabl","2012-09-25"
"265","partial","2012-09-25"
"269","pojo","2012-10-09"
"270","runtim","2012-10-16"
"271","debug","2012-10-16"
"273","fetcher","2012-10-23"
"274","least","2012-10-23"
"275","listen","2012-10-23"
"276","greater","2012-10-23"
"277","hear","2012-10-23"
"278","any","2012-10-23"
"279","success","2012-10-23"
"280","fetch","2012-10-23"
"281","progress","2012-10-23"
"282","granular","2012-10-23"
"283","percent","2012-10-23"
"284","how","2012-10-23"
"285","total","2012-10-23"
"286","download","2012-10-23"
"287","throttl","2012-10-23"
"288","often","2012-10-23"
"289","intermitt","2012-10-23"
"290","unexpectedly","2012-10-23"
"291","thrown","2012-10-23"
"292","retri","2012-10-23"
"293","behav","2012-10-23"
"294","problem","2012-10-23"
"295","detail","2012-10-23"
"296","command","2012-10-23"
"297","condit","2012-10-23"
"298","blank","2012-10-23"
"299","fill","2012-10-23"
"304","sink","2012-10-24"
"305","equival","2012-10-24"
"307","gso","2012-10-25"
"308","n","2012-10-25"
"310","danger","2012-10-27"
"311","some","2012-10-27"
"312","deleg","2012-10-27"
"313","date","2012-10-27"
"314","reason","2012-10-27"
"315","format","2012-10-27"
"316","guarante","2012-10-27"
"317","phrase","2012-10-27"
"318","match","2012-10-27"
"319","wrap","2012-10-27"
"320","bout","2012-10-27"
"321","second","2012-10-27"
"322","chunk","2012-10-27"
"323","so","2012-10-27"
"324","nul","2012-10-27"
"325","final","2012-10-27"
"326","l","2012-10-27"
"341","unless","2012-10-28"
"342","whatev","2012-10-28"
"344","mkdir","2012-10-29"
"345","doesn","2012-10-29"
"346","already","2012-10-29"
"347","preced","2012-10-29"
"348","gone","2012-10-29"
"349","exist","2012-10-29"
"350","never","2012-10-29"
"351","fd","2012-10-29"
"352","part","2012-10-29"
"353","directory","2012-10-29"
"354","copy","2012-10-29"
"355","place","2012-10-29"
"356","make","2012-10-29"
"357","succe","2012-10-29"
"358","instead","2012-10-29"
"359","cannot","2012-10-29"
"360","append","2012-10-29"
"361","first","2012-10-29"
"362","temporary","2012-10-29"
"363","stack","2012-10-29"
"364","psh","2012-10-29"
"365","pw","2012-10-29"
"366","doesnt","2012-10-29"
"367","println","2012-10-29"
"368","trace","2012-10-29"
"369","foobar","2012-10-29"
"370","ia","2012-10-29"
"371","print","2012-10-29"
"372","doe","2012-10-29"
"373","paul","2012-10-29"
"374","hawk","2012-10-29"
"375","ensur","2012-10-29"
"376","dir","2012-10-29"
"377","platform","2012-10-29"
"378","crash","2012-10-29"
"379","prevent","2012-10-29"
"380","written","2012-10-29"
"381","event","2012-10-29"
"382","corrupt","2012-10-29"
"383","work","2012-10-29"
"384","help","2012-10-29"
"385","nativ","2012-10-29"
"386","storag","2012-10-29"
"387","library","2012-10-29"
"388","load","2012-10-29"
"389","save","2012-10-29"
"390","k","2012-10-29"
"391","view","2012-10-29"
"407","cancel","2012-10-30"
"408","looper","2012-10-30"
"409","await","2012-10-30"
"410","latch","2012-10-30"
"411","clock","2012-10-30"
"412","delay","2012-10-30"
"413","remov","2012-10-30"
"414","uptim","2012-10-30"
"415","screen","2012-10-30"
"416","your","2012-10-30"
"417","specif","2012-10-30"
"418","ui","2012-10-30"
"419","finish","2012-10-30"
"420","immedi","2012-10-30"
"421","liter","2012-10-30"
"422","repres","2012-10-30"
"423","re","2012-10-30"
"424","activ","2012-10-30"
"425","wait","2012-10-30"
"426","graphic","2012-10-30"
"427","pend","2012-10-30"
"428","singleton","2012-10-30"
"429","draw","2012-10-30"
"430","unlik","2012-10-30"
"431","until","2012-10-30"
"432","config","2012-10-30"
"433","queue","2012-10-30"
"438","pn","2012-12-18"
"439","expir","2012-12-18"
"440","session","2012-12-18"
"441","caught","2012-12-18"
"442","been","2012-12-18"
"443","bad","2012-12-18"
"444","softwar","2012-12-18"
"445","would","2012-12-18"
"446","case","2012-12-18"
"447","sooner","2012-12-18"
"448","framework","2012-12-18"
"449","bug","2012-12-18"
"450","updat","2012-12-18"
"451","try","2012-12-18"
"452","while","2012-12-18"
"453","sever","2012-12-18"
"454","unreach","2012-12-18"
"455","warn","2012-12-18"
"456","sc","2012-12-18"
"457","unauthor","2012-12-18"
"458","process","2012-12-18"
"459","eq","2012-12-18"
"460","again","2012-12-18"
"461","prompt","2012-12-18"
"462","account","2012-12-18"
"463","disabl","2012-12-18"
"464","reach","2012-12-18"
"465","check","2012-12-18"
"466","couldn","2012-12-18"
"467","jpeg","2012-12-18"
"468","signify","2012-12-18"
"469","program","2012-12-18"
"470","most","2012-12-18"
"471","input","2012-12-18"
"472","pars","2012-12-18"
"473","ue","2012-12-18"
"474","se","2012-12-18"
"475","ce","2012-12-18"
"476","ne","2012-12-18"
"477","unpars","2012-12-18"
"478","we","2012-12-18"
"479","encount","2012-12-18"
"480","pleas","2012-12-18"
"481","later","2012-12-18"
"482","typic","2012-12-18"
"501","deal","2012-12-19"
"502","copi","2012-12-19"
"503","via","2012-12-19"
"504","helper","2012-12-19"
"505","more","2012-12-19"
"506","guic","2012-12-19"
"507","tod","2012-12-19"
"508","al","2012-12-19"
"509","et","2012-12-19"
"510","todo","2012-12-19"
"516","none","2012-12-20"
"517","desir","2012-12-20"
"518","state","2012-12-20"
"519","look","2012-12-20"
"520","ex","2012-12-20"
"521","extract","2012-12-20"
"522","field","2012-12-20"
"523","see","2012-12-20"
"524","factory","2012-12-20"
"525","exactly","2012-12-20"
"526","compil","2012-12-20"
"527","search","2012-12-20"
"528","assum","2012-12-20"
"529","through","2012-12-20"
"530","done","2012-12-20"
"531","determin","2012-12-20"
"532","neither","2012-12-20"
"547","uid","2013-02-11"
"548","servic","2013-02-11"
"549","access","2013-02-11"
"550","many","2013-02-11"
"551","reflect","2013-02-11"
"552","too","2013-02-11"
"553","extra","2013-02-11"
"554","category","2013-02-11"
"555","regular","2013-02-11"
"556","card","2013-02-11"
"557","denman","2013-02-11"
"558","want","2013-02-11"
"559","edenman","2013-02-11"
"560","h","2013-02-11"
"561","y","2013-02-11"
"562","z","2013-02-11"
"563","obj","2013-02-11"
"564","real","2013-02-11"
"565","captur","2013-02-11"
"566","fix","2013-02-11"
"567","merchant","2013-02-11"
"568","replay","2013-02-11"
"569","regex","2013-02-11"
"570","lifecycl","2013-02-11"
"571","succe","2013-02-11"
"572","filter","2013-02-11"
"573","answer","2013-02-11"
"574","strategy","2013-02-11"
"575","whitespac","2013-02-11"
"576","uuid","2013-02-11"
"577","space","2013-02-11"
"578","few","2013-02-11"
"579","random","2013-02-11"
"580","buddy","2013-02-11"
"581","extr","2013-02-11"
"582","didn","2013-02-11"
"583","forhan","2013-02-11"
"584","etc","2013-02-11"
"585","patrick","2013-02-11"
"586","trail","2013-02-11"
"587","manag","2013-02-11"
"588","connect","2013-02-11"
"589","isn","2013-02-11"
"590","do","2013-02-11"
"591","val","2013-02-11"
"592","like","2013-02-11"
"593","present","2013-02-11"
"594","scheme","2013-02-11"
"595","otherwis","2013-02-11"
"596","illeg","2013-02-11"
"597","req","2013-02-11"
"610","receiv","2013-02-13"
"611","standard","2013-02-14"
"612","extens","2013-02-14"
"613","ext","2013-02-14"
"614","txt","2013-02-14"
"618","fully","2013-02-18"
"619","store","2013-02-18"
"621","javax","2013-02-19"
"622","inject","2013-02-19"
"624","send","2013-02-21"
"625","human","2013-02-21"
"626","over","2013-02-21"
"627","readabl","2013-02-21"
"631","map","2013-02-22"
"632","browser","2013-02-22"
"633","compat","2013-02-22"
"634","tweet","2013-02-27"
"635","twitter","2013-02-27"
"636","ebook","2013-02-27"
"637","hors","2013-02-27"
"638","octet","2013-02-27"
"639","user","2013-02-27"
"641","addit","2013-03-27"
"642","access","2013-04-12"
"643","extract","2013-04-12"
"644","own","2013-04-12"
"645","instead","2013-04-12"
"646","our","2013-04-12"
"647","todo","2013-04-12"
"648","cheat","2013-04-12"
"649","logger","2013-04-15"
"650","loggabl","2013-04-15"
"651","fine","2013-04-15"
"652","ms","2013-04-15"
"656","entry","2013-05-03"
"657","next","2013-05-03"
"659","note","2013-05-10"
"660","alpha","2013-05-10"
"661","per","2013-05-10"
"662","mix","2013-05-10"
"663","lead","2013-05-10"
"664","insensit","2013-05-10"
"665","numer","2013-05-10"
"666","sensit","2013-05-10"
"667","plai","2013-05-10"
"668","outsid","2013-05-10"
"669","si","2013-05-10"
"670","md","2013-05-10"
"671","rang","2013-05-10"
"672","furu","2013-05-10"
"673","tex","2013-05-10"
"674","gawbw","2013-05-10"
"675","q","2013-05-10"
"676","zy","2013-05-10"
"677","ad","2013-05-10"
"678","already","2013-05-10"
"679","bracket","2013-05-10"
"680","action","2013-05-10"
"681","id","2013-05-10"
"682","order","2013-05-10"
"683","recurs","2013-05-10"
"684","substitut","2013-05-10"
"685","handl","2013-05-10"
"686","next","2013-05-10"
"687","outermost","2013-05-10"
"688","insert","2013-05-10"
"689","mutat","2013-05-10"
"690","innermost","2013-05-10"
"691","found","2013-05-10"
"692","ol","2013-05-10"
"693","key","2013-05-10"
"694","go","2013-05-10"
"695","nest","2013-05-10"
"696","lc","2013-05-10"
"697","remov","2013-05-10"
"698","both","2013-05-10"
"699","have","2013-05-10"
"700","retriev","2013-05-10"
"722","paramat","2013-05-11"
"723","place","2013-05-12"
"724","next","2013-05-12"
"725","lc","2013-05-12"
"726","remov","2013-05-12"
"727","implementor","2013-05-12"
"728","respet","2013-05-12"
"729","insensit","2013-05-12"
"730","lowercas","2013-05-22"
"731","manag","2013-06-03"
"732","state","2013-06-03"
"733","sequenc","2013-06-03"
"734","supply","2013-06-03"
"735","strong","2013-06-03"
"738","nkat","2013-06-26"
"739","npong","2013-06-26"
"740","fizz","2013-06-26"
"741","remov","2013-06-26"
"742","buzz","2013-06-26"
"745","off","2013-07-08"
"746","toggl","2013-07-08"
"747","enabl","2013-07-08"
"748","flag","2013-07-12"
"749","disabl","2013-07-13"
"750","been","2013-07-14"
"751","element","2013-07-14"
"752","already","2013-07-14"
"753","protocol","2013-07-16"
"754","proto","2013-07-16"
"755","phone","2013-07-16"
"756","parent","2013-07-16"
"757","protobuf","2013-07-16"
"758","extens","2013-07-16"
"759","descriptor","2013-07-16"
"760","bit","2013-07-16"
"761","unfinish","2013-07-16"
"762","ref","2013-07-16"
"763","tag","2013-07-16"
"764","initi","2013-07-16"
"765","memoiz","2013-07-16"
"766","prototyp","2013-07-16"
"767","done","2013-07-16"
"768","delimit","2013-07-16"
"769","parser","2013-07-16"
"770","mutabl","2013-07-16"
"771","tabl","2013-07-16"
"772","accessor","2013-07-16"
"773","insert","2013-07-16"
"774","point","2013-07-16"
"775","comput","2013-07-16"
"776","bs","2013-07-16"
"777","uid","2013-07-16"
"778","immut","2013-07-16"
"779","scope","2013-07-16"
"780","registry","2013-07-16"
"781","protoc","2013-07-16"
"782","merg","2013-07-16"
"783","outer","2013-07-16"
"784","regist","2013-07-16"
"785","lang","2013-07-16"
"786","yummy","2013-07-16"
"787","decod","2013-07-16"
"788","wrong","2013-07-16"
"789","uniniti","2013-07-16"
"790","forc","2013-07-16"
"791","mayb","2013-07-16"
"792","partial","2013-07-16"
"793","clear","2013-07-16"
"816","basic","2013-07-17"
"817","full","2013-07-17"
"818","nkat","2013-07-17"
"819","npong","2013-07-17"
"820","finger","2013-07-17"
"821","butter","2013-07-17"
"822","fizz","2013-07-17"
"823","remov","2013-07-17"
"824","buzz","2013-07-17"
"825","stack","2013-07-17"
"826","sw","2013-07-17"
"827","loglevel","2013-07-17"
"828","print","2013-07-17"
"829","erro","2013-07-17"
"830","ordin","2013-07-17"
"831","trace","2013-07-17"
"832","process","2013-07-17"
"847","off","2013-07-21"
"848","toggl","2013-07-21"
"849","enabl","2013-07-21"
"850","possibl","2013-07-23"
"851","outcom","2013-07-23"
"853","patch","2013-08-06"
"854","patc","2013-08-06"
"855","h","2013-08-06"
"856","access","2013-08-06"
"860","pipe","2013-08-27"
"861","complaint","2013-12-08"
"862","complaint","2013-12-18"
"863","inherit","2013-12-18"
"865","access","2014-03-03"
"866","changeabl","2014-05-22"
"867","deprec","2014-05-22"
"868","updat","2014-05-22"
"869","arraycopy","2014-05-23"
"870","instead","2014-05-23"
"872","down","2014-06-03"
"873","tear","2014-06-03"
"874","enqueu","2014-06-03"
"875","integr","2014-06-03"
"876","port","2014-06-03"
"877","shutdown","2014-06-03"
"879","factori","2014-06-05"
"880","duplic","2014-10-03"
"881","element","2014-10-06"
"882","product","2014-10-09"
"883","ls","2014-10-09"
"884","differenti","2014-10-09"
"885","give","2014-10-10"
"886","profil","2014-10-10"
"887","eric","2014-10-10"
"888","includ","2014-10-10"
"889","opportun","2014-10-10"
"890","burk","2014-10-10"
"891","logic","2014-10-10"
"892","concurr","2014-10-10"
"893","measur","2014-10-10"
"894","networ","2014-10-10"
"895","mean","2014-10-10"
"896","sent","2014-10-10"
"900","appengin","2014-10-14"
"901","appengin","2014-11-24"
"902","tape","2015-01-29"
"903","unsubscrib","2015-01-29"
"904","wrapper","2015-01-29"
"905","mockito","2015-01-29"
"906","lock","2015-01-29"
"907","un","2015-01-29"
"908","subscript","2015-01-29"
"909","respect","2015-01-29"
"910","off","2015-01-29"
"911","advanc","2015-01-29"
"912","queue","2015-01-29"
"913","callabl","2015-01-29"
"914","pool","2015-01-29"
"915","moc","2015-01-29"
"916","ordin","2015-01-29"
"917","en","2015-01-29"
"918","sm","2015-01-29"
"919","requ","2015-01-29"
"920","bod","2015-01-29"
"921","basic","2015-01-29"
"922","been","2015-01-29"
"923","alter","2015-01-29"
"924","already","2015-01-29"
"925","note","2015-01-29"
"926","logger","2015-01-29"
"927","min","2015-01-29"
"928","len","2015-01-29"
"929","each","2015-01-29"
"930","math","2015-01-29"
"931","palantir","2015-01-29"
"932","matt","2015-01-29"
"933","hickman","2015-01-29"
"934","mhickman","2015-01-29"
"935","stack","2015-01-29"
"936","sw","2015-01-29"
"937","loglevel","2015-01-29"
"938","duri","2015-01-29"
"939","idl","2015-01-29"
"940","occur","2015-01-29"
"941","trace","2015-01-29"
"942","process","2015-01-29"
"943","download","2015-01-29"
"944","mechan","2015-01-29"
"945","debug","2015-01-29"
"946","against","2015-01-29"
"947","replay","2015-01-29"
"948","record","2015-01-29"
"949","correct","2015-01-29"
"950","queu","2015-01-29"
"951","hasn","2015-01-29"
"952","aid","2015-01-29"
"953","jj","2015-01-29"
"954","ford","2015-01-29"
"955","hold","2015-01-29"
"956","command","2015-01-29"
"957","consult","2015-01-29"
"958","latest","2015-01-29"
"959","anyth","2015-01-29"
"960","consol","2015-01-29"
"965","depend","2015-01-30"
"966","prevent","2015-01-30"
"967","earlier","2015-01-30"
"968","instanti","2015-01-30"
"969","repres","2015-01-30"
"970","indic","2015-01-30"
"971","successfully","2015-01-30"
"972","complet","2015-01-30"
"973","chunk","2015-01-30"
"974","prepar","2015-01-30"
"975","mode","2015-01-30"
"976","property","2015-01-30"
"977","open","2015-01-30"
"978","octet","2015-01-30"
"979","apach","2015-01-30"
"980","org","2015-01-30"
"981","differ","2015-01-30"
"982","specif","2015-01-30"
"983","disconnect","2015-01-30"
"984","properti","2015-01-30"
"985","pojo","2015-01-30"
"986","payload","2015-01-30"
"987","app","2015-01-30"
"988","engin","2015-01-30"
"989","googl","2015-01-30"
"990","fetch","2015-01-30"
"991","report","2015-01-30"
"992","okhttp","2015-01-30"
"993","newer","2015-01-30"
"994","task","2015-01-30"
"995","todo","2015-01-30"
"996","pull","2015-01-30"
"997","entir","2015-01-30"
"998","repeat","2015-01-30"
"1028","itself","2015-01-31"
"1029","own","2015-01-31"
"1030","extract","2015-01-31"
"1031","indic","2015-02-01"
"1032","successfully","2015-02-01"
"1033","complet","2015-02-01"
"1034","report","2015-02-01"
"1038","isr","2015-02-02"
"1039","erro","2015-02-02"
"1040","tcharset","2015-02-02"
"1041","notthecharset","2015-02-02"
"1042","old","2015-02-02"
"1043","tf","2015-02-02"
"1044","thing","2015-02-02"
"1045","chars","2015-02-02"
"1046","alway","2015-02-02"
"1047","bo","2015-02-02"
"1048","out","2015-02-02"
"1049","file","2015-02-02"
"1050","filenam","2015-02-02"
"1051","associ","2015-02-02"
"1052","binary","2015-02-02"
"1053","www","2015-02-02"
"1054","urlencod","2015-02-02"
"1055","pointer","2015-02-02"
"1056","it","2015-02-02"
"1057","destin","2015-02-02"
"1058","absolut","2015-02-02"
"1059","renam","2015-02-02"
"1060","rh","2015-02-02"
"1061","mismatch","2015-02-02"
"1062","atom","2015-02-02"
"1063","play","2015-02-02"
"1064","breakag","2015-02-02"
"1065","fai","2015-02-02"
"1066","action","2015-02-02"
"1067","calback","2015-02-02"
"1068","captor","2015-02-02"
"1069","nice","2015-02-02"
"1070","y","2015-02-02"
"1071","captur","2015-02-02"
"1072","eq","2015-02-02"
"1073","inherit","2015-02-02"
"1074","bao","2015-02-02"
"1075","simultan","2015-02-02"
"1076","safe","2015-02-02"
"1077","invoc","2015-02-02"
"1078","yummy","2015-02-02"
"1079","unless","2015-02-02"
"1080","otherwis","2015-02-02"
"1081","dd","2015-02-02"
"1082","space","2015-02-02"
"1083","ɹɐq","2015-02-02"
"1084","sim","2015-02-02"
"1085","oo","2015-02-02"
"1086","frontier","2015-02-02"
"1087","ple","2015-02-02"
"1088","q","2015-02-02"
"1089","help","2015-02-02"
"1090","ooɟ","2015-02-02"
"1091","fe","2015-02-02"
"1092","absent","2015-02-02"
"1093","unmodifi","2015-02-02"
"1094","inform","2015-02-02"
"1095","verb","2015-02-02"
"1096","encapsul","2015-02-02"
"1097","boundary","2015-02-02"
"1098","ok","2015-02-02"
"1099","gif","2015-02-02"
"1100","footer","2015-02-02"
"1101","uuid","2015-02-02"
"1102","disposit","2015-02-02"
"1103","sb","2015-02-02"
"1104","foobarbaz","2015-02-02"
"1105","tmp","2015-02-02"
"1106","png","2015-02-02"
"1107","imag","2015-02-02"
"1108","deprec","2015-02-02"
"1109","line","2015-02-02"
"1110","unbuff","2015-02-02"
"1111","phrase","2015-02-02"
"1112","offset","2015-02-02"
"1113","skip","2015-02-02"
"1114","limit","2015-02-02"
"1115","reset","2015-02-02"
"1116","pop","2015-02-02"
"1117","abl","2015-02-02"
"1118","never","2015-02-02"
"1119","condition","2015-02-02"
"1120","copi","2015-02-02"
"1121","entirety","2015-02-02"
"1122","buf","2015-02-02"
"1123","guava","2015-02-02"
"1124","host","2015-02-02"
"1125","lazy","2015-02-02"
"1126","world","2015-02-02"
"1127","jump","2015-02-02"
"1128","mto","2015-02-02"
"1129","dog","2015-02-02"
"1165","where","2015-03-19"
"1166","also","2015-03-19"
"1168","state","2015-04-15"
"1169","helper","2015-04-15"
"1171","may","2015-04-19"
"1172","facad","2015-05-11"
"1173","uri","2015-05-11"
"1174","buzz","2015-05-11"
"1175","finger","2015-05-11"
"1176","fizz","2015-05-11"
"1177","butter","2015-05-11"
"1178","modif","2015-05-11"
"1179","order","2015-05-11"
"1187","snapshot","2015-05-17"
"1188","fo","2015-05-18"
"1189","variabl","2015-06-01"
"1190","context","2015-06-01"
"1191","iter","2015-06-01"
"1192","integ","2015-06-01"
"1193","va","2015-06-01"
"1194","vb","2015-06-01"
"1195","wa","2015-06-01"
"1196","wb","2015-06-01"
"1197","resolv","2015-06-01"
"1198","ga","2015-06-01"
"1199","gb","2015-06-01"
"1200","jess","2015-06-01"
"1201","pa","2015-06-01"
"1202","pb","2015-06-01"
"1203","supertyp","2015-06-01"
"1204","wilson","2015-06-01"
"1205","chain","2015-06-01"
"1206","intercept","2015-06-01"
"1207","avail","2015-06-01"
"1208","rx","2015-06-01"
"1209","might","2015-06-01"
"1210","jav","2015-06-01"
"1211","interceptor","2015-06-01"
"1212","setup","2015-06-01"
"1213","xx","2015-06-01"
"1214","due","2015-06-01"
"1215","hook","2015-06-01"
"1216","sberan","2015-06-01"
"1217","amp","2015-06-01"
"1218","recommend","2015-06-01"
"1219","sam","2015-06-01"
"1220","beran","2015-06-01"
"1221","usag","2015-06-01"
"1222","joe","2015-06-01"
"1223","big","2015-06-01"
"1224","smith","2015-06-01"
"1225","bird","2015-06-01"
"1226","proposit","2015-06-01"
"1227","keiser","2015-06-01"
"1228","soze","2015-06-01"
"1229","john","2015-06-01"
"1230","runtim","2015-06-01"
"1231","either","2015-06-01"
"1232","unabl","2015-06-01"
"1233","produc","2015-06-01"
"1234","indirect","2015-06-01"
"1235","isn","2015-06-01"
"1236","log","2015-06-01"
"1237","complaint","2015-06-01"
"1238","final","2015-06-01"
"1239","havi","2015-06-01"
"1240","k","2015-06-01"
"1241","pin","2015-06-01"
"1242","super","2015-06-01"
"1243","languag","2015-06-01"
"1244","most","2015-06-01"
"1245","what","2015-06-01"
"1246","classpath","2015-06-01"
"1247","disconnect","2015-06-01"
"1248","howdy","2015-06-01"
"1249","includ","2015-06-01"
"1250","direct","2015-06-01"
"1251","ns","2015-06-01"
"1252","someth","2015-06-01"
"1253","enclos","2015-06-01"
"1254","greet","2015-06-01"
"1255","multimap","2015-06-01"
"1256","noth","2015-06-01"
"1257","schedul","2015-06-01"
"1258","flat","2015-06-01"
"1259","just","2015-06-01"
"1260","reconstruct","2015-06-01"
"1261","everyth","2015-06-01"
"1262","littl","2015-06-01"
"1263","group","2015-06-01"
"1316","forward","2015-06-03"
"1317","warn","2015-06-03"
"1318","notifi","2015-06-03"
"1319","notify","2015-06-03"
"1320","quick","2015-06-03"
"1321","brown","2015-06-03"
"1322","fox","2015-06-03"
"1323","instal","2015-06-03"
"1324","prefer","2015-06-03"
"1325","share","2015-06-03"
"1326","edit","2015-06-03"
"1327","apply","2015-06-03"
"1328","stori","2015-06-03"
"1329","exist","2015-06-03"
"1331","crazy","2015-06-04"
"1332","variabl","2015-06-04"
"1333","includ","2015-06-04"
"1334","were","2015-06-04"
"1335","abl","2015-06-04"
"1336","nest","2015-06-04"
"1337","factori","2015-06-04"
"1338","try","2015-06-06"
"1339","illeg","2015-06-06"
"1340","subcrib","2015-06-06"
"1341","nest","2015-06-07"
"1342","marshal","2015-06-08"
"1343","last","2015-06-08"
"1344","way","2015-06-08"
"1345","end","2015-06-08"
"1346","append","2015-06-08"
"1349","ra","2015-06-09"
"1350","eagerly","2015-06-10"
"1351","fix","2015-06-10"
"1353","threw","2015-06-11"
"1354","address","2015-06-18"
"1355","person","2015-06-18"
"1356","email","2015-06-18"
"1357","full","2015-06-18"
"1358","prime","2015-06-18"
"1359","superclass","2015-06-18"
"1360","abstract","2015-06-18"
"1361","here","2015-06-18"
"1362","store","2015-06-18"
"1363","mobil","2015-06-18"
"1364","home","2015-06-18"
"1369","assign","2015-06-19"
"1370","entiti","2015-06-19"
"1371","gmail","2015-06-19"
"1372","kai","2015-06-19"
"1373","writi","2015-06-19"
"1374","waldron","2015-06-19"
"1375","kaiwaldron","2015-06-19"
"1376","target","2015-06-19"
"1377","arbit","2015-06-19"
"1378","cast","2015-06-19"
"1379","caller","2015-06-19"
"1380","ric","2015-06-19"
"1381","fabien","2015-06-19"
"1384","dummy","2015-06-20"
"1385","disposit","2015-06-20"
"1386","detail","2015-06-20"
"1387","got","2015-06-20"
"1388","level","2015-06-20"
"1389","lot","2015-06-20"
"1391","queitly","2015-06-21"
"1392","packag","2015-06-21"
"1393","privat","2015-06-21"
"1394","synthet","2015-06-21"
"1395","avoid","2015-06-21"
"1398","runnabl","2015-06-27"
"1399","run","2015-06-27"
"1401","prefix","2015-06-28"
"1402","slash","2015-06-28"
"1404","org","2015-06-29"
"1405","less","2015-07-05"
"1406","throttl","2015-07-05"
"1407","exeut","2015-07-05"
"1408","noth","2015-07-09"
"1409","do","2015-07-14"
"1410","stuff","2015-07-14"
"1411","cb","2015-07-14"
"1412","info","2015-07-14"
"1413","inner","2015-07-14"
"1414","ex","2015-07-14"
"1415","subtyp","2015-07-14"
"1416","kind","2015-07-14"
"1417","becom","2015-07-14"
"1418","would","2015-07-14"
"1419","happen","2015-07-14"
"1420","wait","2015-07-14"
"1421","durat","2015-07-14"
"1422","long","2015-07-14"
"1423","event","2015-07-14"
"1424","face","2015-07-14"
"1425","through","2015-07-14"
"1426","act","2015-07-14"
"1427","written","2015-07-14"
"1428","directly","2015-07-14"
"1429","like","2015-07-14"
"1430","uptim","2015-07-14"
"1431","some","2015-07-14"
"1432","now","2015-07-14"
"1433","elaps","2015-07-14"
"1434","singleton","2015-07-14"
"1435","behav","2015-07-14"
"1436","until","2015-07-14"
"1437","reason","2015-07-14"
"1438","bad","2015-07-14"
"1439","trim","2015-07-14"
"1440","temporarily","2015-07-14"
"1441","higher","2015-07-14"
"1442","blank","2015-07-14"
"1443","perm","2015-07-14"
"1444","forbid","2015-07-14"
"1445","locat","2015-07-14"
"1446","unauthor","2015-07-14"
"1447","move","2015-07-14"
"1448","temp","2015-07-14"
"1449","permanent","2015-07-14"
"1450","perman","2015-07-14"
"1472","sleep","2015-07-24"
"1473","pool","2015-07-24"
"1474","seed","2015-07-24"
"1475","noe","2015-07-24"
"1476","too","2015-07-24"
"1477","larg","2015-07-24"
"1478","oh","2015-07-24"
"1479","expos","2015-07-24"
"1480","quickly","2015-07-24"
"1481","id","2015-07-24"
"1482","exhibit","2015-07-24"
"1483","similar","2015-07-24"
"1484","automat","2015-07-24"
"1485","slowly","2015-07-24"
"1486","characterist","2015-07-24"
"1487","deviat","2015-07-24"
"1488","wrap","2015-07-24"
"1489","those","2015-07-24"
"1490","real","2015-07-24"
"1491","privat","2015-07-24"
"1492","final","2015-07-24"
"1493","flaky","2015-07-24"
"1494","becaus","2015-07-24"
"1495","scale","2015-07-24"
"1496","we","2015-07-24"
"1497","factor","2015-07-24"
"1498","pct","2015-07-24"
"1499","succe","2015-07-24"
"1500","anywher","2015-07-24"
"1501","user","2015-07-24"
"1502","simply","2015-07-24"
"1503","nully","2015-08-16"
"1504","sane","2015-08-23"
"1505","defer","2015-08-23"
"1507","timeout","2015-08-25"
"1508","connect","2015-08-25"
"1510","sequenc","2015-09-03"
"1511","big","2015-09-03"
"1512","integ","2015-09-03"
"1513","snapshot","2015-09-03"
"1514","appropri","2015-09-03"
"1515","concret","2015-09-03"
"1516","ab","2015-09-03"
"1517","de","2015-09-03"
"1525","disabl","2015-10-31"
"1526","doesn","2015-11-15"
"1527","timer","2015-12-05"
"1528","flat","2015-12-05"
"1529","daemon","2015-12-05"
"1530","bg","2015-12-05"
"1531","consist","2015-12-05"
"1532","simul","2015-12-05"
"1534","metadata","2015-12-22"
"1535","definit","2015-12-22"
"1536","rest","2015-12-22"
"1537","defer","2015-12-23"
"1538","un","2015-12-23"
"1539","until","2015-12-23"
"1540","blackbox","2015-12-23"
"1544","tweet","2015-12-29"
"1545","necessary","2016-01-02"
"1546","quietly","2016-01-02"
"1547","rather","2016-01-02"
"1548","back","2016-01-02"
"1549","closeabl","2016-01-02"
"1552","interrupt","2016-01-25"
"1553","lookup","2016-01-25"
"1555","copyright","2016-01-29"
"1556","taken","2016-01-29"
"1557","inc","2016-01-29"
"1558","licens","2016-01-29"
"1559","googl","2016-01-29"
"1560","apach","2016-01-29"
"1561","under","2016-01-29"
"1562","action","2016-03-06"
"1563","proxy","2016-03-06"
"1564","loader","2016-03-06"
"1565","consum","2016-03-07"
"1566","every","2016-03-07"
"1567","consum","2016-03-07"
"1568","every","2016-03-07"
"1572","doc","2016-03-11"
"1573","fix","2016-03-11"
"1575","init","2016-08-03"
"1576","subscript","2016-08-17"
"1577","flat","2016-08-17"
"1578","let","2016-08-17"
"1579","havi","2016-08-17"
"1580","break","2016-08-17"
"1581","func","2016-08-17"
"1582","produc","2016-08-17"
"1583","child","2016-08-17"
"1591","upstream","2016-09-17"
"1592","unsubscrib","2016-09-17"
"1593","composit","2016-09-17"
"1594","termin","2016-09-17"
"1595","inner","2016-09-17"
"1596","arbit","2016-09-17"
"1597","compar","2016-09-17"
"1598","init","2016-09-17"
"1599","happen","2016-09-17"
"1600","stacktrac","2016-09-17"
"1601","sent","2016-09-17"
"1602","bug","2016-09-17"
"1606","desir","2016-10-12"
"1607","affect","2016-10-12"
"1608","subsequ","2016-10-12"
"1609","defens","2016-10-12"
"1613","ns","2016-11-22"
"1614","appl","2016-11-22"
"1615","robovm","2016-11-22"
"1616","foundat","2016-11-22"
"1617","queue","2016-11-22"
"1620","trait","2017-01-30"
"1621","exhibit","2017-01-30"
