"1","/modules/util/src/:retrofit.util.Objects","2010-10-13"
"2","/modules/util/src/:retrofit.util.QueueFile$ElementInputStream","2010-10-13"
"3","/modules/util/src-tests/:retrofit.util.QueueFileTest","2010-10-13"
"4","/modules/util/src-tests/:retrofit.util.QueueFileTest$BrokenRandomAccessFile","2010-10-13"
"5","/modules/util/src/:retrofit.util.QueueFile","2010-10-13"
"6","/modules/util/src/:retrofit.util.QueueFile$Element","2010-10-13"
"7","/modules/util/src/:retrofit.util.QueueFile$ElementReader","2010-10-13"
"8","/modules/core/src/:retrofit.core.ClientMessage","2010-12-06"
"9","/modules/http/src/:retrofit.http.CallbackResponseHandler$ClientError","2011-04-26"
"10","/modules/core/src/:retrofit.core.ErrorResponse","2011-04-26"
"12","/modules/http/src/:retrofit.http.RestAdapter$RequestLine","2011-05-04"
"13","/modules/http/src/:retrofit.http.RestAdapter$GsonResponseHandler","2011-05-04"
"14","/modules/http/src/:retrofit.http.RestAdapter$HttpMethod","2011-05-04"
"15","/modules/http/src/:retrofit.http.RestAdapter$HttpRequestBuilder","2011-05-04"
"16","/modules/http/src/:retrofit.http.RestAdapter$TypedBytesBody","2011-05-04"
"19","/modules/http/src/:retrofit.http.GsonProvider$Holder","2011-12-13"
"20","/modules/http/src/:retrofit.http.GsonProvider","2011-12-13"
"22","/modules/android/src/:retrofit.io.QueueFile$ElementInputStream","2012-04-09"
"23","/modules/http/src-tests/:retrofit.http.HttpRequestBuilderTest$MyJsonObj","2012-04-09"
"24","/modules/http/src/:retrofit.http.HttpProfiler$Method","2012-04-09"
"25","/modules/android/src/:retrofit.android.ShakeDetector$Sample","2012-04-09"
"26","/modules/http/src/:retrofit.http.RestAdapter","2012-04-09"
"27","/modules/io/src/:retrofit.io.TypedFile","2012-04-09"
"28","/modules/http/src/:retrofit.http.HttpClients","2012-04-09"
"29","/modules/http/src-tests/:retrofit.http.FetcherTest$ArraySink","2012-04-09"
"30","/modules/http/src/:retrofit.http.CallbackResponseHandler","2012-04-09"
"31","/modules/io/src-tests/:retrofit.io.TypedByteArrayTest","2012-04-09"
"32","/modules/http/src/:retrofit.http.UiCallback","2012-04-09"
"33","/modules/io/src/:retrofit.io.Files","2012-04-09"
"34","/modules/android/src-tests/:retrofit.io.QueueFileTest","2012-04-09"
"35","/modules/http/src-tests/:retrofit.http.FetcherTest$DummyMainThread","2012-04-09"
"36","/modules/http/src-tests/:retrofit.http.RestAdapterTest$DeleteService","2012-04-09"
"37","/modules/io/src-tests/:retrofit.io.FilesTest","2012-04-09"
"38","/modules/android/src/:retrofit.io.QueueFile","2012-04-09"
"39","/modules/http/src/:retrofit.http.RestAdapter$RestHandler","2012-04-09"
"40","/modules/http/src/:retrofit.http.Fetcher$DownloadHandler$ProgressUpdate","2012-04-09"
"41","/modules/http/src/:retrofit.http.HttpProfiler","2012-04-09"
"42","/modules/android/src/:retrofit.android.ShakeDetector$SamplePool","2012-04-09"
"43","/modules/http/src-tests/:retrofit.http.HttpRequestBuilderTest$SimpleResponse","2012-04-09"
"44","/modules/http/src-tests/:retrofit.http.HttpRequestBuilderTest","2012-04-09"
"45","/modules/android/src-tests/:retrofit.io.QueueFileTest$BrokenRandomAccessFile","2012-04-09"
"46","/modules/http/src-tests/:retrofit.http.RestAdapterTest","2012-04-09"
"47","/modules/android/src/:retrofit.android.ShakeDetector$Listener","2012-04-09"
"48","/modules/http/src/:retrofit.http.GsonResponseHandler","2012-04-09"
"49","/modules/android/test_app/src/:retrofit.test_app.Main","2012-04-09"
"50","/modules/core/src/:retrofit.core.MainThread","2012-04-09"
"51","/modules/http/src/:retrofit.http.Fetcher","2012-04-09"
"52","/modules/core/src-tests/:retrofit.core.internal.ObjectsTest","2012-04-09"
"53","/modules/http/src-tests/:retrofit.http.RestAdapterTest$GetService","2012-04-09"
"54","/modules/http/src/:retrofit.http.RequestLine","2012-04-09"
"55","/modules/http/src/:retrofit.http.Server","2012-04-09"
"56","/modules/http/src-tests/:retrofit.http.RestAdapterTest$PutService","2012-04-09"
"57","/modules/http/src/:retrofit.http.ServerException","2012-04-09"
"58","/modules/android/src/:retrofit.android.ShakeDetector","2012-04-09"
"59","/modules/core/src/:retrofit.core.Callback","2012-04-09"
"60","/modules/http/src-tests/:retrofit.http.FetcherTest","2012-04-09"
"61","/modules/http/src-tests/:retrofit.http.FetcherTest$SingletonHttpClient","2012-04-09"
"62","/modules/http/src/:retrofit.http.RestAdapter$ProfilingResponseHandler","2012-04-09"
"63","/modules/http/src/:retrofit.http.Headers","2012-04-09"
"64","/modules/http/src/:retrofit.http.TypedBytesBody","2012-04-09"
"65","/modules/io/src-tests/:retrofit.io.TypedFileTest","2012-04-09"
"66","/modules/android/src-tests/:retrofit.android.ShakeDetectorTest","2012-04-09"
"67","/modules/http/src/:retrofit.http.Fetcher$DownloadHandler","2012-04-09"
"68","/modules/http/src/:retrofit.http.HttpMethodType","2012-04-09"
"69","/modules/core/src/:retrofit.core.ProgressListener","2012-04-09"
"70","/modules/http/src-tests/:retrofit.http.FetcherTest$DummyExecutor","2012-04-09"
"71","/modules/http/src/:retrofit.http.TypedBytesEntity","2012-04-09"
"72","/modules/io/src/:retrofit.io.Native","2012-04-09"
"73","/modules/http/src-tests/:retrofit.http.RestAdapterTest$Response","2012-04-09"
"74","/modules/io/src/:retrofit.io.ByteSink","2012-04-09"
"75","/modules/io/src/:retrofit.io.ByteSink$Factory","2012-04-09"
"76","/modules/io/src/:retrofit.io.MimeType","2012-04-09"
"77","/modules/io/src/:retrofit.io.AbstractTypedBytes","2012-04-09"
"78","/modules/http/src-tests/:retrofit.http.HttpRequestBuilderTest$MyService","2012-04-09"
"79","/modules/io/src/:retrofit.io.ByteSinks","2012-04-09"
"80","/modules/http/src-tests/:retrofit.http.RestAdapterTest$PostService","2012-04-09"
"81","/modules/core/src/:retrofit.core.internal.Objects","2012-04-09"
"82","/modules/android/src/:retrofit.android.ShakeDetector$SampleQueue","2012-04-09"
"83","/modules/http/src/:retrofit.http.HttpRequestBuilder$JsonTypedBytes","2012-04-09"
"84","/modules/android/src/:retrofit.io.QueueFile$Element","2012-04-09"
"85","/modules/http/src-tests/:retrofit.http.DummyHttpClient","2012-04-09"
"86","/modules/http/src/:retrofit.http.HttpRequestBuilder","2012-04-09"
"87","/modules/http/src/:retrofit.http.CallbackResponseHandler$ServerError","2012-04-09"
"88","/modules/http/src-tests/:retrofit.http.HttpRequestBuilderTest$MyCallback","2012-04-09"
"89","/modules/http/src-tests/:retrofit.http.FetcherTest$DummyInputStream","2012-04-09"
"90","/modules/io/src/:retrofit.io.TypedByteArray","2012-04-09"
"91","/modules/android/src/:retrofit.io.QueueFile$ElementReader","2012-04-09"
"92","/modules/io/src/:retrofit.io.TypedBytes","2012-04-09"
"149","/android/src/main/java/:retrofit.io.QueueFile$ElementInputStream","2012-08-30"
"150","/core/src/main/java/:retrofit.core.MainThread","2012-08-30"
"151","/core/src/main/java/:retrofit.core.ProgressListener","2012-08-30"
"152","/core/src/main/java/:retrofit.core.Callback","2012-08-30"
"153","/android/src/test/java/:retrofit.io.QueueFileTest$BrokenRandomAccessFile","2012-08-30"
"154","/core/src/test/java/:retrofit.core.internal.ObjectsTest","2012-08-30"
"155","/android/src/main/java/:retrofit.io.QueueFile$Element","2012-08-30"
"156","/android/src/main/java/:retrofit.io.QueueFile","2012-08-30"
"157","/core/src/main/java/:retrofit.core.internal.Objects","2012-08-30"
"158","/android/src/test/java/:retrofit.io.QueueFileTest","2012-08-30"
"159","/android/src/main/java/:retrofit.io.QueueFile$ElementReader","2012-08-30"
"164","/io/src/test/java/:retrofit.io.QueueFileTest","2012-08-31"
"165","/io/src/main/java/:retrofit.io.QueueFile$ElementInputStream","2012-08-31"
"166","/sample-android/src/main/java/:retrofit.test_app.Main","2012-08-31"
"167","/android/src/main/java/:retrofit.android.ShakeDetector$SampleQueue","2012-08-31"
"168","/io/src/main/java/:retrofit.io.QueueFile","2012-08-31"
"169","/io/src/test/java/:retrofit.io.QueueFileTest$BrokenRandomAccessFile","2012-08-31"
"170","/android/src/main/java/:retrofit.android.ShakeDetector","2012-08-31"
"171","/io/src/main/java/:retrofit.io.Native","2012-08-31"
"172","/android/src/test/java/:retrofit.android.ShakeDetectorTest","2012-08-31"
"173","/io/src/main/java/:retrofit.io.QueueFile$Element","2012-08-31"
"174","/android/src/main/java/:retrofit.android.ShakeDetector$SamplePool","2012-08-31"
"175","/android/src/main/java/:retrofit.android.ShakeDetector$Sample","2012-08-31"
"176","/io/src/test/java/:retrofit.io.internal.ObjectsTest","2012-08-31"
"177","/android/src/main/java/:retrofit.android.AndroidMainThread","2012-08-31"
"178","/io/src/main/java/:retrofit.io.internal.Objects","2012-08-31"
"179","/android/src/main/java/:retrofit.android.ShakeDetector$Listener","2012-08-31"
"180","/io/src/main/java/:retrofit.io.QueueFile$ElementReader","2012-08-31"
"195","/shake/src/test/java/:retrofit.android.ShakeDetectorTest","2012-09-05"
"196","/shake/src/main/java/:retrofit.android.ShakeDetector$Sample","2012-09-05"
"197","/shake/src/main/java/:retrofit.android.ShakeDetector$SamplePool","2012-09-05"
"198","/shake/src/main/java/:retrofit.android.ShakeDetector$Listener","2012-09-05"
"199","/shake/src/main/java/:retrofit.android.ShakeDetector$SampleQueue","2012-09-05"
"200","/shake/src/main/java/:retrofit.android.ShakeDetector","2012-09-05"
"202","/queue/src/main/java/:retrofit.io.QueueFile$ElementInputStream","2012-09-25"
"203","/queue/src/main/java/:retrofit.io.QueueFile","2012-09-25"
"204","/queue/src/main/java/:retrofit.io.QueueFile$Element","2012-09-25"
"205","/queue/src/test/java/:retrofit.io.QueueFileTest","2012-09-25"
"206","/queue/src/test/java/:retrofit.io.QueueFileTest$BrokenRandomAccessFile","2012-09-25"
"207","/queue/src/main/java/:retrofit.io.QueueFile$ElementReader","2012-09-25"
"209","/http/src/main/java/:retrofit.http.CallbackResponseHandler$ServerError","2012-10-09"
"210","/http/src/main/java/:retrofit.http.GsonResponseHandler","2012-10-16"
"211","/http/src/main/java/:retrofit.http.HttpRequestBuilder$JsonTypedBytes","2012-10-16"
"213","/http/src/test/java/:retrofit.http.FetcherTest","2012-10-23"
"214","/http/src/main/java/:retrofit.http.Fetcher$DownloadHandler","2012-10-23"
"215","/http/src/main/java/:retrofit.http.RestAdapter$ProfilingResponseHandler","2012-10-23"
"216","/http/src/main/java/:retrofit.http.ServerException","2012-10-23"
"217","/http/src/test/java/:retrofit.http.FetcherTest$DummyExecutor","2012-10-23"
"218","/http/src/main/java/:retrofit.http.Fetcher","2012-10-23"
"219","/http/src/main/java/:retrofit.http.Fetcher$DownloadHandler$ProgressUpdate","2012-10-23"
"220","/http/src/test/java/:retrofit.http.FetcherTest$ArraySink","2012-10-23"
"221","/http/src/test/java/:retrofit.http.FetcherTest$SingletonHttpClient","2012-10-23"
"222","/http/src/main/java/:retrofit.http.ProgressListener","2012-10-23"
"223","/sync-sample/src/main/java/:retrofit.test_app.Main","2012-10-23"
"224","/http/src/test/java/:retrofit.http.FetcherTest$DummyMainThread","2012-10-23"
"225","/http/src/test/java/:retrofit.http.FetcherTest$DummyInputStream","2012-10-23"
"228","/io/src/main/java/:retrofit.io.ByteSinks","2012-10-24"
"229","/io/src/main/java/:retrofit.io.ByteSink","2012-10-24"
"230","/io/src/main/java/:retrofit.io.ByteSink$Factory","2012-10-24"
"231","/http/src/main/java/:retrofit.http.UiCallback","2012-10-27"
"232","/http/src/main/java/:retrofit.http.CallbackResponseHandler","2012-10-27"
"233","/http/src/main/java/:retrofit.http.ProfilingResponseHandler","2012-10-27"
"234","/http/src/main/java/:retrofit.http.HttpClients","2012-10-27"
"238","/io/src/main/java/:retrofit.internal.Objects","2012-10-28"
"239","/io/src/test/java/:retrofit.internal.ObjectsTest","2012-10-28"
"241","/http/src/main/java/:retrofit.http.CallbackRunnable","2012-10-29"
"242","/http/src/main/java/:retrofit.http.RestException$UnexpectedException","2012-10-29"
"243","/http/src/main/java/:retrofit.http.HttpRequestBuilder","2012-10-29"
"244","/http/src/main/java/:retrofit.http.MainThread","2012-10-29"
"245","/io/src/main/java/:retrofit.io.TypedBytes","2012-10-29"
"246","/http/src/main/java/:retrofit.http.RestException$HttpException","2012-10-29"
"247","/http/src/test/java/:retrofit.http.RestAdapterTest$DeleteService","2012-10-29"
"248","/http/src/main/java/:retrofit.http.RestException","2012-10-29"
"249","/examples/twitter-client/src/main/java/:com.squareup.retrofit.example.twitter.Client","2012-10-29"
"250","/http/src/main/java/:retrofit.http.Converter","2012-10-29"
"251","/http/src/test/java/:retrofit.http.RestAdapterTest","2012-10-29"
"252","/http/src/test/java/:retrofit.http.RestAdapterTest$GetService","2012-10-29"
"253","/http/src/test/java/:retrofit.http.HttpRequestBuilderTest$MyService","2012-10-29"
"254","/http/src/main/java/:retrofit.http.RequestLine","2012-10-29"
"255","/http/src/main/java/:retrofit.http.GsonConverter$JsonTypedBytes","2012-10-29"
"256","/http/src/main/java/:retrofit.http.HttpMethodType","2012-10-29"
"257","/io/src/test/java/:retrofit.io.TypedByteArrayTest","2012-10-29"
"258","/io/src/main/java/:retrofit.io.Files","2012-10-29"
"259","/http/src/main/java/:retrofit.http.RestException$ClientHttpException","2012-10-29"
"260","/http/src/main/java/:retrofit.http.ConversionException","2012-10-29"
"261","/io/src/main/java/:retrofit.io.MimeType","2012-10-29"
"262","/io/src/main/java/:retrofit.io.TypedFile","2012-10-29"
"263","/http/src/test/java/:retrofit.http.HttpRequestBuilderTest$MyJsonObj","2012-10-29"
"264","/http/src/test/java/:retrofit.http.RestAdapterTest$Response","2012-10-29"
"265","/http/src/test/java/:retrofit.http.RestAdapterTest$ResponseCallback","2012-10-29"
"266","/http/src/main/java/:retrofit.http.HttpProfiler$RequestInformation","2012-10-29"
"267","/io/src/test/java/:retrofit.io.FilesTest","2012-10-29"
"268","/http/src/main/java/:retrofit.http.Types","2012-10-29"
"269","/http/src/main/java/:retrofit.http.TypedBytesEntity","2012-10-29"
"270","/http/src/main/java/:retrofit.http.TypedBytesBody","2012-10-29"
"271","/sync/src/main/java/:retrofit.io.Dirs","2012-10-29"
"272","/http/src/main/java/:retrofit.http.HttpProfiler","2012-10-29"
"273","/sync/src/main/java/:retrofit.io.Native","2012-10-29"
"274","/http/src/main/java/:retrofit.http.Callback$ServerError","2012-10-29"
"275","/http/src/test/java/:retrofit.http.HttpRequestBuilderTest","2012-10-29"
"276","/http/src/main/java/:retrofit.http.Server","2012-10-29"
"277","/http/src/main/java/:retrofit.http.Headers","2012-10-29"
"278","/io/src/main/java/:retrofit.io.AbstractTypedBytes","2012-10-29"
"279","/examples/twitter-client/src/main/java/:com.squareup.retrofit.example.twitter.Client$Twitter","2012-10-29"
"280","/http/src/main/java/:retrofit.http.RestException$ServerHttpException","2012-10-29"
"281","/http/src/test/java/:retrofit.http.RestAdapterTest$PutService","2012-10-29"
"282","/http/src/main/java/:retrofit.http.RestException$UnauthorizedHttpException","2012-10-29"
"283","/http/src/test/java/:retrofit.http.RestAdapterTest$TypeTestService","2012-10-29"
"284","/examples/directory-sync/src/main/java/:retrofit.test_app.Main","2012-10-29"
"285","/http/src/test/java/:retrofit.http.DummyHttpClient","2012-10-29"
"286","/http/src/main/java/:retrofit.http.RestAdapter$Builder","2012-10-29"
"287","/http/src/test/java/:retrofit.http.RestAdapterTest$ExtendingCallback","2012-10-29"
"288","/http/src/main/java/:retrofit.http.GsonConverter","2012-10-29"
"289","/io/src/test/java/:retrofit.io.TypedFileTest","2012-10-29"
"290","/http/src/main/java/:retrofit.http.RestAdapter","2012-10-29"
"291","/http/src/main/java/:retrofit.android.AndroidMainThread","2012-10-29"
"292","/http/src/test/java/:retrofit.http.HttpRequestBuilderTest$SimpleResponse","2012-10-29"
"293","/http/src/main/java/:retrofit.http.RestAdapter$RestHandler","2012-10-29"
"294","/http/src/test/java/:retrofit.http.HttpRequestBuilderTest$MyCallback","2012-10-29"
"295","/http/src/main/java/:retrofit.http.HttpProfiler$Method","2012-10-29"
"296","/http/src/test/java/:retrofit.http.RestAdapterTest$PostService","2012-10-29"
"297","/http/src/main/java/:retrofit.http.RestException$NetworkException","2012-10-29"
"298","/examples/twitter-client/src/main/java/:com.squareup.retrofit.example.twitter.Client$Tweet","2012-10-29"
"299","/io/src/main/java/:retrofit.io.TypedByteArray","2012-10-29"
"300","/http/src/main/java/:retrofit.http.Callback","2012-10-29"
"304","/retrofit/src/main/java/:retrofit.android.AndroidMainThread","2012-10-30"
"305","/retrofit/src/main/java/:retrofit.http.MainThread","2012-10-30"
"307","/retrofit/src/main/java/:retrofit.http.RestException$UnexpectedException","2012-12-18"
"308","/retrofit/src/main/java/:retrofit.http.RestException","2012-12-18"
"309","/retrofit/src/main/java/:retrofit.http.RestException$HttpException","2012-12-18"
"310","/retrofit/src/main/java/:retrofit.http.RestException$UnauthorizedHttpException","2012-12-18"
"311","/retrofit/src/main/java/:retrofit.http.RestException$NetworkException","2012-12-18"
"312","/retrofit/src/main/java/:retrofit.http.RestException$ClientHttpException","2012-12-18"
"313","/retrofit/src/main/java/:retrofit.http.Callback$ServerError","2012-12-18"
"314","/retrofit/src/main/java/:retrofit.http.RestException$ServerHttpException","2012-12-18"
"322","/retrofit/src/main/java/:retrofit.http.Types","2012-12-19"
"323","/retrofit/src/main/java/:retrofit.http.RequestLine","2012-12-20"
"324","/retrofit/src/main/java/:retrofit.http.RestAdapter$SynchronousExecutor","2012-12-20"
"326","/retrofit/src/test/java/:retrofit.http.RestAdapterTest$PutService","2013-02-11"
"327","/retrofit/src/test/java/:retrofit.http.HttpRequestBuilderTest$MyCallback","2013-02-11"
"328","/retrofit/src/test/java/:retrofit.http.HttpRequestBuilderTest$MyService","2013-02-11"
"329","/retrofit/src/test/java/:retrofit.http.RestAdapterTest$ResponseCallback","2013-02-11"
"330","/retrofit/src/main/java/:retrofit.http.TypedBytesEntity","2013-02-11"
"331","/retrofit/src/test/java/:retrofit.http.RestAdapterTest$TypeTestService","2013-02-11"
"332","/retrofit/src/test/java/:retrofit.http.RestAdapterTest$Response","2013-02-11"
"333","/retrofit/src/test/java/:retrofit.http.HttpRequestBuilderTest$MyJsonObj","2013-02-11"
"334","/retrofit/src/main/java/:retrofit.http.Headers","2013-02-11"
"335","/retrofit/src/test/java/:retrofit.http.RestAdapterTest$ExtendingCallback","2013-02-11"
"336","/retrofit/src/main/java/:retrofit.http.HttpProfiler$RequestInformation","2013-02-11"
"337","/retrofit/src/test/java/:retrofit.http.RestAdapterTest$PostService","2013-02-11"
"338","/retrofit/src/test/java/:retrofit.http.RestAdapterTest$GetService","2013-02-11"
"339","/retrofit/src/main/java/:retrofit.http.HttpProfiler$Method","2013-02-11"
"340","/retrofit/src/test/java/:retrofit.http.HttpRequestBuilderTest","2013-02-11"
"341","/retrofit/src/main/java/:retrofit.http.HttpMethodType","2013-02-11"
"342","/retrofit/src/main/java/:retrofit.http.TypedBytesBody","2013-02-11"
"343","/retrofit/src/main/java/:retrofit.http.HttpProfiler","2013-02-11"
"344","/retrofit/src/test/java/:retrofit.http.RestAdapterTest$DeleteService","2013-02-11"
"345","/retrofit/src/test/java/:retrofit.http.DummyHttpClient","2013-02-11"
"346","/retrofit/src/main/java/:retrofit.http.HttpRequestBuilder","2013-02-11"
"347","/retrofit/src/test/java/:retrofit.http.HttpRequestBuilderTest$SimpleResponse","2013-02-11"
"348","/retrofit/src/main/java/:retrofit.http.RestAdapter$MethodDetails","2013-02-11"
"357","/retrofit/src/main/java/:retrofit.io.MimeType","2013-02-14"
"358","/retrofit/src/main/java/:retrofit.io.TypedBytes","2013-02-18"
"359","/retrofit/src/main/java/:retrofit.http.GsonConverter$JsonTypedBytes","2013-02-18"
"360","/retrofit/src/main/java/:retrofit.http.client.ApacheClient$TypedBytesEntity","2013-02-18"
"361","/retrofit/src/main/java/:retrofit.io.AbstractTypedBytes","2013-02-18"
"362","/retrofit/src/main/java/:retrofit.http.client.ApacheClient$TypedBytesBody","2013-02-18"
"363","/retrofit/src/main/java/:retrofit.io.StringTypedBytes","2013-02-18"
"364","/retrofit/src/main/java/:retrofit.http.client.Streams","2013-02-18"
"365","/retrofit/src/main/java/:retrofit.io.TypedFile","2013-02-19"
"366","/retrofit/src/test/java/:retrofit.io.TypedFileTest","2013-02-19"
"367","/retrofit/src/main/java/:retrofit.io.TypedByteArray","2013-02-19"
"368","/retrofit/src/test/java/:retrofit.io.TypedByteArrayTest","2013-02-19"
"369","/retrofit/src/main/java/:retrofit.io.TypedOutput","2013-02-19"
"370","/retrofit/src/main/java/:retrofit.io.TypedString","2013-02-19"
"371","/retrofit/src/main/java/:retrofit.android.AndroidApacheClient","2013-02-19"
"372","/retrofit/src/main/java/:retrofit.android.MainThreadExecutor","2013-02-19"
"373","/retrofit/src/main/java/:retrofit.io.TypedInput","2013-02-19"
"380","/retrofit/src/main/java/:retrofit.http.client.TypedInputStream","2013-02-22"
"381","/retrofit/src/main/java/:retrofit.http.client.ApacheClient$TypedOutputBody","2013-02-22"
"383","/samples/twitter-client/src/main/java/:com.squareup.retrofit.sample.twitter.Client$Tweet","2013-02-27"
"384","/samples/twitter-client/src/main/java/:com.squareup.retrofit.sample.twitter.Client$Twitter","2013-02-27"
"386","/retrofit/src/test/java/:retrofit.http.RestMethodInfoTest$ExtendingCallback","2013-03-12"
"387","/samples/twitter-client/src/main/java/:com.squareup.retrofit.sample.twitter.Client","2013-03-25"
"388","/samples/twitter-client/src/main/java/:com.squareup.retrofit.sample.twitter.Client$Contributor","2013-03-25"
"389","/samples/twitter-client/src/main/java/:com.squareup.retrofit.sample.twitter.Client$GitHub","2013-03-25"
"390","/retrofit/src/main/java/:retrofit.http.MultipartTypedOutput$TypedOutputBody","2013-04-12"
"391","/retrofit/src/main/java/:retrofit.http.Headers","2013-05-08"
"392","/retrofit/src/main/java/:retrofit.http.Header","2013-05-08"
"394","/retrofit/src/main/java/:retrofit.http.HeaderPairs","2013-05-10"
"395","/retrofit/src/main/java/:retrofit.http.HeaderPair","2013-05-10"
"396","/retrofit/src/test/java/:retrofit.http.HeaderPairTest","2013-05-10"
"397","/retrofit/src/main/java/:retrofit.http.MultipartTypedOutput","2013-05-10"
"401","/retrofit/src/main/java/:retrofit.http.ResponseWrapper","2013-05-12"
"402","/retrofit/src/main/java/:retrofit.http.mime.MultipartTypedOutput","2013-05-12"
"403","/retrofit/src/test/java/:retrofit.http.mime.FormEncodingTypedOutputTest","2013-05-12"
"404","/retrofit/src/main/java/:retrofit.http.Platform$Android","2013-05-12"
"405","/retrofit/src/main/java/:retrofit.http.client.Response","2013-05-12"
"406","/retrofit/src/main/java/:retrofit.http.Platform$Base","2013-05-12"
"407","/retrofit/src/test/java/:retrofit.http.RestAdapterTest$Example","2013-05-12"
"408","/retrofit/src/main/java/:retrofit.http.mime.TypedString","2013-05-12"
"409","/retrofit/src/test/java/:retrofit.http.RequestBuilderTest$Helper","2013-05-12"
"410","/retrofit/src/main/java/:retrofit.http.Utils","2013-05-12"
"411","/retrofit/src/test/java/:retrofit.http.TestingUtils","2013-05-12"
"412","/retrofit/src/test/java/:retrofit.http.client.ApacheClientTest","2013-05-12"
"413","/retrofit/src/main/java/:retrofit.http.client.Request","2013-05-12"
"414","/retrofit/src/main/java/:retrofit.http.client.UrlConnectionClient$TypedInputStream","2013-05-12"
"415","/retrofit/src/main/java/:retrofit.http.ConversionException","2013-05-12"
"416","/retrofit/src/test/java/:retrofit.http.mime.TypedByteArrayTest","2013-05-12"
"417","/retrofit/src/test/java/:retrofit.http.RestMethodInfoTest$MultimapCallback","2013-05-12"
"418","/retrofit/src/main/java/:retrofit.http.Types","2013-05-12"
"419","/retrofit/src/test/java/:retrofit.http.CallbackRunnableTest","2013-05-12"
"420","/retrofit/src/main/java/:retrofit.http.RestAdapter$Log","2013-05-12"
"421","/retrofit/src/main/java/:retrofit.http.RestAdapter$RestHandler","2013-05-12"
"422","/retrofit/src/main/java/:retrofit.http.mime.TypedInput","2013-05-12"
"423","/retrofit/src/test/java/:retrofit.http.RestAdapterTest","2013-05-12"
"424","/samples/github-client/src/main/java/:com.squareup.retrofit.sample.github.Client$Contributor","2013-05-12"
"425","/retrofit/src/test/java/:retrofit.http.mime.MultipartTypedOutputTest","2013-05-12"
"426","/retrofit/src/main/java/:retrofit.http.RequestHeaders","2013-05-12"
"427","/retrofit/src/main/java/:retrofit.http.Parameter","2013-05-12"
"428","/retrofit/src/main/java/:retrofit.http.Platform$OkClientInstantiator","2013-05-12"
"429","/retrofit/src/main/java/:retrofit.http.RestAdapter$Builder","2013-05-12"
"430","/retrofit/src/test/java/:retrofit.http.mime.MimeHelper","2013-05-12"
"431","/retrofit/src/main/java/:retrofit.http.RequestBuilder","2013-05-12"
"432","/retrofit/src/test/java/:retrofit.http.UtilsTest","2013-05-12"
"433","/retrofit/src/main/java/:retrofit.http.Platform","2013-05-12"
"434","/samples/github-client/src/main/java/:com.squareup.retrofit.sample.github.Client","2013-05-12"
"435","/retrofit/src/main/java/:retrofit.http.android.MainThreadExecutor","2013-05-12"
"436","/retrofit/src/main/java/:retrofit.http.client.ApacheClient$TypedOutputEntity","2013-05-12"
"437","/retrofit/src/main/java/:retrofit.http.Types$GenericArrayTypeImpl","2013-05-12"
"438","/retrofit/src/test/java/:retrofit.http.client.UrlConnectionClientTest","2013-05-12"
"439","/retrofit/src/main/java/:retrofit.http.GsonConverter$JsonTypedOutput","2013-05-12"
"440","/retrofit/src/main/java/:retrofit.http.client.ApacheClient$GenericHttpRequest","2013-05-12"
"441","/retrofit/src/main/java/:retrofit.http.RestMethodInfo","2013-05-12"
"442","/retrofit/src/test/java/:retrofit.http.mime.TypedFileTest","2013-05-12"
"443","/retrofit/src/main/java/:retrofit.http.mime.TypedOutput","2013-05-12"
"444","/retrofit/src/main/java/:retrofit.http.mime.TypedByteArray","2013-05-12"
"445","/retrofit/src/main/java/:retrofit.http.Utils$SynchronousExecutor","2013-05-12"
"446","/retrofit/src/main/java/:retrofit.http.Profiler$RequestInformation","2013-05-12"
"447","/retrofit/src/main/java/:retrofit.http.RetrofitError","2013-05-12"
"448","/retrofit/src/main/java/:retrofit.http.RestMethodInfo$RequestType","2013-05-12"
"449","/retrofit/src/main/java/:retrofit.http.client.Client","2013-05-12"
"450","/retrofit/src/test/java/:retrofit.http.RestMethodInfoTest$Response","2013-05-12"
"451","/retrofit/src/main/java/:retrofit.http.Converter","2013-05-12"
"452","/retrofit/src/main/java/:retrofit.http.client.ApacheClient","2013-05-12"
"453","/retrofit/src/main/java/:retrofit.http.Profiler","2013-05-12"
"454","/samples/github-client/src/main/java/:com.squareup.retrofit.sample.github.Client$GitHub","2013-05-12"
"455","/retrofit/src/main/java/:retrofit.http.mime.TypedFile","2013-05-12"
"456","/retrofit/src/main/java/:retrofit.http.Types$WildcardTypeImpl","2013-05-12"
"457","/retrofit/src/main/java/:retrofit.http.mime.FormEncodedTypedOutput","2013-05-12"
"458","/retrofit/src/test/java/:retrofit.http.client.DummyHttpUrlConnection","2013-05-12"
"459","/retrofit/src/main/java/:retrofit.http.client.Header","2013-05-12"
"460","/retrofit/src/main/java/:retrofit.http.client.Client$Provider","2013-05-12"
"461","/retrofit/src/main/java/:retrofit.http.android.AndroidApacheClient","2013-05-12"
"462","/retrofit/src/test/java/:retrofit.http.RestMethodInfoTest","2013-05-12"
"463","/retrofit/src/main/java/:retrofit.http.ChangeableServer","2013-05-12"
"464","/retrofit/src/main/java/:retrofit.http.Types$ParameterizedTypeImpl","2013-05-12"
"465","/retrofit/src/main/java/:retrofit.http.Server","2013-05-12"
"466","/retrofit/src/main/java/:retrofit.http.CallbackRunnable","2013-05-12"
"467","/retrofit/src/main/java/:retrofit.http.client.OkClient","2013-05-12"
"468","/retrofit/src/main/java/:retrofit.http.client.UrlConnectionClient","2013-05-12"
"469","/retrofit/src/test/java/:retrofit.http.RestMethodInfoTest$ResponseCallback","2013-05-12"
"470","/retrofit/src/main/java/:retrofit.http.Callback","2013-05-12"
"471","/retrofit/src/test/java/:retrofit.http.RequestBuilderTest","2013-05-12"
"472","/retrofit/src/main/java/:retrofit.http.RestAdapter","2013-05-12"
"473","/retrofit/src/main/java/:retrofit.http.GsonConverter","2013-05-12"
"528","/samples/github-client/src/main/java/:com.example.retrofit.GitHubClient$Contributor","2013-05-29"
"529","/samples/github-client/src/main/java/:com.example.retrofit.GitHubClient","2013-05-29"
"530","/samples/github-client/src/main/java/:com.example.retrofit.GitHubClient$GitHub","2013-05-29"
"531","/retrofit/src/main/java/:retrofit.RequestHeaders","2013-06-03"
"532","/retrofit-converters/protobuf/src/main/java/:retrofit.converter.ProtoConverter","2013-07-16"
"533","/retrofit-converters/protobuf/src/test/java/:retrofit.converter.PhoneProtos$PhoneOrBuilder","2013-07-16"
"534","/retrofit-converters/protobuf/src/test/java/:retrofit.converter.PhoneProtos$Phone","2013-07-16"
"535","/retrofit-converters/protobuf/src/test/java/:retrofit.converter.PhoneProtos","2013-07-16"
"536","/retrofit-converters/protobuf/src/test/java/:retrofit.converter.ProtoConverterTest","2013-07-16"
"537","/retrofit-converters/protobuf/src/test/java/:retrofit.converter.PhoneProtos$Phone$Builder","2013-07-16"
"539","/retrofit/src/main/java/:retrofit.RestAdapter$LogLevel","2013-07-17"
"540","/retrofit/src/main/java/:retrofit.RestMethodInfo$RxSupport","2013-12-08"
"541","/retrofit/src/main/java/:retrofit.RestMethodInfo$RxSupport","2013-12-18"
"542","/retrofit/src/main/java/:retrofit.RestAdapter$RxSupport","2014-05-08"
"543","/retrofit/src/main/java/:retrofit.ChangeableServer","2014-05-22"
"544","/retrofit/src/main/java/:retrofit.Server","2014-05-22"
"546","/retrofit-mock/src/main/java/:retrofit.MockRestAdapter$MockHandler$DelayingCallback","2014-05-23"
"547","/retrofit/src/test/java/:retrofit.client.ClientIntegrationTest$Service","2014-06-03"
"548","/retrofit/src/test/java/:retrofit.client.ClientIntegrationTest","2014-06-03"
"550","/retrofit/src/test/java/:retrofit.RestMethodInfoTest$Response","2014-06-05"
"551","/retrofit/src/test/java/:retrofit.RequestBuilderTest$Helper","2014-10-03"
"552","/retrofit/src/main/java/:retrofit.RestMethodInfo$ParamUsage","2014-10-06"
"553","/retrofit-samples/github-client/src/main/java/:com.example.retrofit.GitHubClient$Contributor","2014-10-08"
"554","/retrofit-samples/mock-github-client/src/main/java/:com.example.retrofit.GitHubClient$MockGitHub","2014-10-08"
"555","/retrofit-samples/mock-github-client/src/main/java/:com.example.retrofit.GitHubClient$Contributor","2014-10-08"
"556","/retrofit-samples/mock-github-client/src/main/java/:com.example.retrofit.GitHubClient$GitHub","2014-10-08"
"557","/retrofit-samples/github-client/src/main/java/:com.example.retrofit.GitHubClient$GitHub","2014-10-08"
"558","/retrofit-samples/github-client/src/main/java/:com.example.retrofit.GitHubClient","2014-10-08"
"559","/retrofit-samples/mock-github-client/src/main/java/:com.example.retrofit.GitHubClient","2014-10-08"
"560","/retrofit/src/main/java/:retrofit.Endpoints$FixedEndpoint","2014-10-09"
"561","/retrofit/src/main/java/:retrofit.Profiler","2014-10-10"
"562","/retrofit/src/main/java/:retrofit.client.Client$Provider","2014-10-10"
"563","/retrofit/src/main/java/:retrofit.Profiler$RequestInformation","2014-10-10"
"564","/retrofit/src/main/java/:retrofit.ResponseCallback","2014-10-10"
"568","/retrofit/src/main/java/:retrofit.appengine.UrlFetchClient","2014-10-14"
"569","/retrofit/src/test/java/:retrofit.appengine.UrlFetchClientTest","2014-10-14"
"570","/retrofit/src/main/java/:retrofit.Platform$AppEngine","2014-10-14"
"571","/retrofit-appengine/src/main/java/:retrofit.appengine.UrlFetchClient","2014-10-15"
"572","/retrofit-appengine/src/test/java/:retrofit.TestingUtils","2014-10-15"
"573","/retrofit-appengine/src/test/java/:retrofit.appengine.UrlFetchClientTest","2014-10-15"
"574","/retrofit-appengine/src/test/java/:retrofit.mime.MimeHelper","2014-10-15"
"578","/retrofit/src/main/java/:retrofit.appengine.UrlFetchClient","2014-11-24"
"579","/retrofit/src/test/java/:retrofit.appengine.UrlFetchClientTest","2014-11-24"
"580","/retrofit/src/main/java/:retrofit.Platform$AppEngine","2014-11-24"
"581","/retrofit/src/test/java/:retrofit.RxSupportTest","2015-01-29"
"582","/retrofit/src/main/java/:retrofit.android.AndroidLog","2015-01-29"
"583","/retrofit/src/main/java/:retrofit.Endpoints","2015-01-29"
"584","/retrofit/src/test/java/:retrofit.CallbackRunnableTest","2015-01-29"
"585","/retrofit/src/main/java/:retrofit.RestAdapter$LogLevel","2015-01-29"
"586","/retrofit/src/main/java/:retrofit.RequestInterceptorTape","2015-01-29"
"587","/retrofit/src/main/java/:retrofit.RequestInterceptorTape$Command","2015-01-29"
"588","/retrofit/src/main/java/:retrofit.RestMethodInfo$ResponseType","2015-01-29"
"589","/retrofit/src/test/java/:retrofit.RxSupportTest$QueuedSynchronousExecutor","2015-01-29"
"590","/retrofit/src/main/java/:retrofit.CallbackRunnable","2015-01-29"
"591","/retrofit/src/main/java/:retrofit.ResponseWrapper","2015-01-29"
"592","/retrofit/src/main/java/:retrofit.RequestInterceptorTape$CommandWithParams","2015-01-29"
"593","/retrofit/src/main/java/:retrofit.RestAdapter$Log","2015-01-29"
"596","/retrofit/src/main/java/:retrofit.Platform$OkClientInstantiator","2015-01-30"
"597","/retrofit/src/main/java/:retrofit.client.ApacheClient$GenericHttpRequest","2015-01-30"
"598","/retrofit/src/main/java/:retrofit.client.Header","2015-01-30"
"599","/retrofit/src/main/java/:retrofit.converter.ConversionException","2015-01-30"
"600","/retrofit/src/main/java/:retrofit.client.UrlConnectionClient","2015-01-30"
"601","/retrofit/src/main/java/:retrofit.client.ApacheClient","2015-01-30"
"602","/retrofit/src/main/java/:retrofit.client.UrlConnectionClient$TypedInputStream","2015-01-30"
"603","/retrofit/src/main/java/:retrofit.android.AndroidApacheClient","2015-01-30"
"604","/retrofit/src/test/java/:retrofit.client.DummyHttpUrlConnection","2015-01-30"
"605","/retrofit-appengine/src/main/java/:retrofit.appengine.UrlFetchClient","2015-01-30"
"606","/retrofit/src/main/java/:retrofit.client.ApacheClient$GenericEntityHttpRequest","2015-01-30"
"607","/retrofit/src/main/java/:retrofit.client.Defaults","2015-01-30"
"608","/retrofit/src/test/java/:retrofit.client.UrlConnectionClientTest","2015-01-30"
"609","/retrofit-appengine/src/test/java/:retrofit.TestingUtils","2015-01-30"
"610","/retrofit/src/main/java/:retrofit.Platform$Base","2015-01-30"
"611","/retrofit/src/main/java/:retrofit.android.MainThreadExecutor","2015-01-30"
"612","/retrofit/src/test/java/:retrofit.client.ApacheClientTest","2015-01-30"
"613","/retrofit-appengine/src/test/java/:retrofit.appengine.UrlFetchClientTest","2015-01-30"
"614","/retrofit/src/main/java/:retrofit.client.ApacheClient$TypedOutputEntity","2015-01-30"
"615","/retrofit-appengine/src/test/java/:retrofit.mime.MimeHelper","2015-01-30"
"627","/retrofit/src/main/java/:retrofit.converter.ConversionException","2015-02-01"
"628","/retrofit/src/test/java/:retrofit.mime.MimeUtilTest","2015-02-02"
"629","/retrofit/src/test/java/:retrofit.RestMethodInfoTest$MultimapCallback","2015-02-02"
"630","/retrofit/src/main/java/:retrofit.mime.TypedOutput","2015-02-02"
"631","/retrofit/src/main/java/:retrofit.mime.FormUrlEncodedTypedOutput","2015-02-02"
"632","/retrofit/src/test/java/:retrofit.RestMethodInfoTest","2015-02-02"
"633","/retrofit/src/main/java/:retrofit.RestMethodInfo$RxSupport","2015-02-02"
"634","/retrofit/src/main/java/:retrofit.RestMethodInfo$ExecutionType","2015-02-02"
"635","/retrofit/src/main/java/:retrofit.mime.TypedFile","2015-02-02"
"636","/retrofit/src/main/java/:retrofit.client.Client$AsyncCallback","2015-02-02"
"637","/retrofit/src/main/java/:retrofit.client.Client","2015-02-02"
"638","/retrofit/src/test/java/:retrofit.client.MockClient$IOExceptionEvent","2015-02-02"
"639","/retrofit/src/main/java/:retrofit.RestMethodInfo$RequestType","2015-02-02"
"640","/retrofit/src/main/java/:retrofit.mime.TypedInput","2015-02-02"
"641","/retrofit/src/main/java/:retrofit.RequestBuilder$MimeOverridingTypedOutput","2015-02-02"
"642","/retrofit/src/test/java/:retrofit.mime.FormUrlEncodingTypedOutputTest","2015-02-02"
"643","/retrofit/src/main/java/:retrofit.mime.TypedByteArray","2015-02-02"
"644","/retrofit/src/test/java/:retrofit.RestMethodInfoTest$Dummy","2015-02-02"
"645","/retrofit/src/test/java/:retrofit.ErrorHandlerTest$MockInvalidResponseClient","2015-02-02"
"646","/retrofit/src/main/java/:retrofit.client.Request","2015-02-02"
"647","/retrofit/src/test/java/:retrofit.client.MockClient$UnexpectedExceptionEvent","2015-02-02"
"648","/retrofit/src/test/java/:retrofit.client.OkClientTest$TestResponseBody","2015-02-02"
"649","/retrofit/src/main/java/:retrofit.RxSupport$Callback","2015-02-02"
"650","/retrofit/src/main/java/:retrofit.converter.GsonConverter$JsonTypedOutput","2015-02-02"
"651","/retrofit/src/test/java/:retrofit.mime.MimeHelper","2015-02-02"
"652","/retrofit/src/main/java/:retrofit.client.OkClient","2015-02-02"
"653","/retrofit/src/test/java/:retrofit.mime.TypedByteArrayTest","2015-02-02"
"654","/retrofit/src/main/java/:retrofit.mime.MultipartTypedOutput","2015-02-02"
"655","/retrofit/src/test/java/:retrofit.mime.TypedFileTest","2015-02-02"
"656","/retrofit/src/main/java/:retrofit.mime.MimeUtil","2015-02-02"
"657","/retrofit-mock/src/main/java/:retrofit.MockTypedInput","2015-02-02"
"658","/retrofit/src/main/java/:retrofit.client.Response","2015-02-02"
"659","/retrofit/src/main/java/:retrofit.ExceptionCatchingTypedInput$ExceptionCatchingInputStream","2015-02-02"
"660","/retrofit/src/test/java/:retrofit.client.MockClient$ResponseEvent","2015-02-02"
"661","/retrofit/src/main/java/:retrofit.ExceptionCatchingTypedInput","2015-02-02"
"662","/retrofit/src/main/java/:retrofit.mime.MultipartTypedOutput$MimePart","2015-02-02"
"663","/retrofit/src/test/java/:retrofit.client.MockClient","2015-02-02"
"664","/retrofit/src/main/java/:retrofit.mime.TypedString","2015-02-02"
"665","/retrofit/src/main/java/:retrofit.RestMethodInfo","2015-02-02"
"666","/retrofit/src/test/java/:retrofit.RestMethodInfoTest$ResponseCallback","2015-02-02"
"667","/retrofit/src/test/java/:retrofit.client.OkClientTest","2015-02-02"
"668","/retrofit/src/test/java/:retrofit.mime.MultipartTypedOutputTest","2015-02-02"
"691","/retrofit/src/main/java/:retrofit.RequestInterceptor$RequestFacade","2015-05-11"
"692","/retrofit/src/main/java/:retrofit.RequestInterceptor","2015-05-11"
"694","/retrofit/src/main/java/:retrofit.FormEncodingBuilder$FormEncodingRequestBody","2015-05-17"
"695","/retrofit/src/main/java/:retrofit.FormEncodingBuilder","2015-05-17"
"697","/samples/github-client/src/main/java/:com.example.retrofit.GitHubClient$Contributor","2015-05-20"
"698","/samples/github-client/src/main/java/:com.example.retrofit.GitHubClient","2015-05-20"
"699","/samples/github-client/src/main/java/:com.example.retrofit.GitHubClient$GitHub","2015-05-20"
"700","/samples/mock-github-client/src/main/java/:com.example.retrofit.GitHubClient$GitHub","2015-05-20"
"701","/samples/mock-github-client/src/main/java/:com.example.retrofit.GitHubClient","2015-05-20"
"702","/samples/mock-github-client/src/main/java/:com.example.retrofit.GitHubClient$MockGitHub","2015-05-20"
"703","/samples/mock-github-client/src/main/java/:com.example.retrofit.GitHubClient$Contributor","2015-05-20"
"704","/retrofit/src/main/java/:retrofit.Types","2015-06-01"
"705","/retrofit/src/test/java/:retrofit.MockClient","2015-06-01"
"706","/retrofit/src/main/java/:retrofit.RxSupport","2015-06-01"
"707","/retrofit/src/test/java/:retrofit.ErrorHandlerTest$TestException","2015-06-01"
"708","/retrofit/src/main/java/:retrofit.MethodInfo$ExecutionType","2015-06-01"
"709","/retrofit/src/test/java/:retrofit.ErrorHandlerTest","2015-06-01"
"710","/retrofit/src/main/java/:retrofit.ErrorHandler","2015-06-01"
"711","/samples/src/main/java/:com.example.retrofit.SimpleMockService$MockGitHub","2015-06-01"
"712","/retrofit/src/main/java/:retrofit.RetrofitError","2015-06-01"
"713","/retrofit/src/test/java/:retrofit.RestAdapterTest$InvalidExample","2015-06-01"
"714","/retrofit/src/main/java/:retrofit.MethodInfo$RequestType","2015-06-01"
"715","/retrofit/src/main/java/:retrofit.MethodInfo$RxSupport","2015-06-01"
"716","/retrofit/src/main/java/:retrofit.RestAdapter$RestHandler","2015-06-01"
"717","/retrofit/src/main/java/:retrofit.RetrofitError$Kind","2015-06-01"
"718","/retrofit/src/main/java/:retrofit.Types$WildcardTypeImpl","2015-06-01"
"719","/retrofit/src/main/java/:retrofit.Types$ParameterizedTypeImpl","2015-06-01"
"720","/retrofit/src/main/java/:retrofit.RxSupport$Invoker$Callback","2015-06-01"
"721","/retrofit-mock/src/main/java/:retrofit.MockHttpRetrofitError","2015-06-01"
"722","/retrofit/src/test/java/:retrofit.MethodInfoTest$ResponseCallback","2015-06-01"
"723","/retrofit/src/main/java/:retrofit.Types$GenericArrayTypeImpl","2015-06-01"
"724","/retrofit/src/test/java/:retrofit.MethodInfoTest$MultimapCallback","2015-06-01"
"725","/retrofit/src/main/java/:retrofit.RxSupport$Invoker","2015-06-01"
"726","/samples/src/main/java/:com.example.retrofit.SimpleMockService","2015-06-01"
"727","/retrofit/src/test/java/:retrofit.RestAdapterTest$Example","2015-06-01"
"728","/retrofit/src/test/java/:retrofit.ErrorHandlerTest$ExampleClient","2015-06-01"
"729","/retrofit-mock/src/main/java/:retrofit.MockRestAdapter$MockRxSupport","2015-06-01"
"735","/retrofit-converters/wire/src/test/java/:retrofit.converter.Person","2015-06-03"
"736","/retrofit/src/main/java/:retrofit.converter.GsonConverter","2015-06-03"
"737","/retrofit-converters/jackson/src/test/java/:retrofit.converter.JacksonConverterTest","2015-06-03"
"738","/retrofit-converters/wire/src/test/java/:retrofit.converter.Person$PhoneNumber","2015-06-03"
"739","/retrofit/src/main/java/:retrofit.MethodInfo$RequestBody","2015-06-03"
"740","/retrofit/src/test/java/:retrofit.CallTest$ForwardingConverter","2015-06-03"
"741","/retrofit-converters/simplexml/src/main/java/:retrofit.converter.SimpleXMLConverter","2015-06-03"
"742","/retrofit-converters/protobuf/src/main/java/:retrofit.converter.ProtoConverter","2015-06-03"
"743","/retrofit-mock/src/main/java/:retrofit.MockRestAdapter$ValueChangeListener","2015-06-03"
"744","/retrofit/src/test/java/:retrofit.converter.GsonConverterTest$Example","2015-06-03"
"745","/retrofit-converters/protobuf/src/test/java/:retrofit.converter.PhoneProtos$PhoneOrBuilder","2015-06-03"
"746","/retrofit-converters/simplexml/src/test/java/:retrofit.converter.SimpleXMLConverterTest","2015-06-03"
"747","/retrofit-converters/wire/src/test/java/:retrofit.converter.Person$PhoneType","2015-06-03"
"748","/retrofit-converters/protobuf/src/test/java/:retrofit.converter.PhoneProtos$Phone","2015-06-03"
"749","/retrofit-converters/jackson/src/main/java/:retrofit.converter.JacksonConverter","2015-06-03"
"750","/retrofit-adapters/rxjava/src/test/java/:retrofit.ObservableCallAdapterFactoryTest$EmptyCall","2015-06-03"
"751","/retrofit-converters/protobuf/src/test/java/:retrofit.converter.PhoneProtos","2015-06-03"
"752","/retrofit-mock/src/main/java/:retrofit.android.AndroidMockValuePersistence","2015-06-03"
"753","/retrofit/src/test/java/:retrofit.converter.GsonConverterTest","2015-06-03"
"754","/retrofit-converters/protobuf/src/test/java/:retrofit.converter.ProtoConverterTest","2015-06-03"
"755","/retrofit-converters/protobuf/src/test/java/:retrofit.converter.PhoneProtos$Phone$Builder","2015-06-03"
"756","/retrofit-converters/wire/src/test/java/:retrofit.converter.Person$Builder","2015-06-03"
"757","/retrofit-converters/jackson/src/test/java/:retrofit.converter.JacksonConverterTest$MyObject","2015-06-03"
"758","/retrofit/src/main/java/:retrofit.converter.Converter","2015-06-03"
"759","/retrofit-converters/wire/src/test/java/:retrofit.converter.WireConverterTest","2015-06-03"
"760","/retrofit-converters/wire/src/main/java/:retrofit.converter.WireConverter","2015-06-03"
"761","/retrofit-converters/wire/src/test/java/:retrofit.converter.Person$PhoneNumber$Builder","2015-06-03"
"762","/retrofit-converters/simplexml/src/test/java/:retrofit.converter.SimpleXMLConverterTest$MyObject","2015-06-03"
"763","/retrofit/src/test/java/:retrofit.converter.GsonConverterTest$Impl","2015-06-03"
"766","/retrofit/src/test/java/:retrofit.RestAdapterTest$BoundsService","2015-06-04"
"767","/retrofit-adapters/rxjava/src/main/java/:retrofit.ObservableCallAdapterFactory$CallOnSubcribe","2015-06-06"
"768","/retrofit/src/test/java/:retrofit.RestAdapterTest$BoundsService","2015-06-07"
"769","/retrofit/src/test/java/:retrofit.RestAdapterTest$Extending","2015-06-09"
"770","/retrofit/src/test/java/:retrofit.RestAdapterTest$CallMethod","2015-06-09"
"771","/retrofit/src/test/java/:retrofit.RestAdapterTest$StringService","2015-06-09"
"772","/retrofit-mock/src/test/java/:retrofit.MockRestAdapterTest$AsyncExample","2015-06-09"
"773","/retrofit-mock/src/main/java/:retrofit.MockRestAdapter","2015-06-09"
"774","/retrofit/src/test/java/:retrofit.RestAdapterTest$FutureMethod","2015-06-09"
"775","/retrofit-mock/src/test/java/:retrofit.MockRestAdapterTest$SyncExample","2015-06-09"
"776","/retrofit-mock/src/main/java/:retrofit.MockRestAdapter$MockHandler","2015-06-09"
"777","/retrofit/src/test/java/:retrofit.RestAdapterTest","2015-06-09"
"778","/retrofit-mock/src/test/java/:retrofit.MockRestAdapterTest","2015-06-09"
"779","/retrofit/src/test/java/:retrofit.RestAdapterTest$Unresolvable","2015-06-09"
"780","/retrofit/src/main/java/:retrofit.RestAdapter","2015-06-09"
"781","/retrofit-mock/src/test/java/:retrofit.MockRestAdapterTest$AsyncCallbackSubtypeExample$Foo","2015-06-09"
"782","/retrofit-mock/src/test/java/:retrofit.MockRestAdapterTest$ObservableExample","2015-06-09"
"783","/retrofit/src/main/java/:retrofit.RestAdapter$Builder","2015-06-09"
"784","/retrofit-mock/src/test/java/:retrofit.MockRestAdapterTest$AsyncCallbackSubtypeExample","2015-06-09"
"800","/retrofit/src/test/java/:retrofit.EndpointsTest","2015-06-10"
"801","/retrofit-converters/wire/src/test/java/:retrofit.Person","2015-06-18"
"802","/retrofit-converters/simplexml/src/test/java/:retrofit.SimpleXmlConverterTest$MyObject","2015-06-18"
"803","/retrofit-converters/moshi/src/test/java/:retrofit.MoshiConverterTest$ExampleAdapter","2015-06-18"
"804","/retrofit-converters/moshi/src/test/java/:retrofit.MoshiConverterTest$Impl","2015-06-18"
"805","/retrofit-converters/moshi/src/test/java/:retrofit.MoshiConverterTest$Example","2015-06-18"
"806","/retrofit-converters/gson/src/test/java/:retrofit.GsonConverterTest$Example","2015-06-18"
"807","/retrofit-converters/jackson/src/test/java/:retrofit.JacksonConverterTest$MyObject","2015-06-18"
"808","/retrofit-converters/gson/src/test/java/:retrofit.GsonConverterTest$Impl","2015-06-18"
"809","/retrofit-converters/wire/src/test/java/:retrofit.Person$PhoneNumber","2015-06-18"
"810","/retrofit-converters/wire/src/test/java/:retrofit.Person$Builder","2015-06-18"
"811","/retrofit-converters/wire/src/test/java/:retrofit.Person$PhoneType","2015-06-18"
"812","/retrofit-converters/wire/src/test/java/:retrofit.Person$PhoneNumber$Builder","2015-06-18"
"816","/retrofit-converters/gson/src/test/java/:retrofit.GsonConverterTest","2015-06-19"
"817","/retrofit-converters/gson/src/test/java/:retrofit.GsonConverterTest$Service","2015-06-19"
"818","/retrofit-converters/gson/src/test/java/:retrofit.GsonConverterTest$AnImplementation","2015-06-19"
"819","/retrofit/src/test/java/:retrofit.StringConverter","2015-06-19"
"820","/retrofit-adapters/rxjava/src/test/java/:retrofit.ObservableCallAdapterFactoryTest$StringConverter","2015-06-19"
"821","/retrofit-converters/gson/src/test/java/:retrofit.GsonConverterTest$AnInterface","2015-06-19"
"822","/retrofit-converters/gson/src/test/java/:retrofit.GsonConverterTest$AnInterfaceAdapter","2015-06-19"
"823","/retrofit/src/test/java/:retrofit.MethodInfoTest$Dummy","2015-06-20"
"824","/retrofit/src/main/java/:retrofit.MethodInfo","2015-06-21"
"825","/retrofit/src/main/java/:retrofit.MethodInfo$BodyEncoding","2015-06-21"
"826","/retrofit/src/test/java/:retrofit.MethodInfoTest","2015-06-21"
"827","/retrofit/src/test/java/:retrofit.DefaultCallAdapterFactoryTest","2015-06-27"
"828","/retrofit/src/main/java/:retrofit.DefaultCallAdapterFactory","2015-06-27"
"829","/retrofit/src/main/java/:retrofit.DefaultCallAdapterFactory$ExecutorCallback","2015-06-27"
"830","/retrofit/src/test/java/:retrofit.DefaultCallAdapterFactoryTest$EmptyCall","2015-06-27"
"831","/retrofit/src/main/java/:retrofit.DefaultCallAdapterFactory$ExecutorCallbackCall","2015-06-27"
"832","/retrofit/src/main/java/:retrofit.Utils$SynchronousExecutor","2015-06-27"
"834","/retrofit/src/main/java/:retrofit.Endpoint","2015-06-28"
"835","/retrofit/src/main/java/:retrofit.Platform$NothingCallAdapterFactory","2015-07-09"
"836","/retrofit/src/main/java/:retrofit.Platform$NothingCallAdapterFactory$NothingCallAdapter","2015-07-09"
"838","/samples/src/main/not_java/SimpleMockService.java:com.example.retrofit.SimpleMockService","2015-07-14"
"839","/retrofit-mock/src/test/java/:retrofit.MockRetrofitTest$AsyncExample","2015-07-14"
"840","/retrofit-mock/src/main/java/:retrofit.MockRetrofit$MockHandler","2015-07-14"
"841","/retrofit-mock/src/test/java/:retrofit.MockRetrofitTest$AsyncCallbackSubtypeExample","2015-07-14"
"842","/retrofit-mock/src/test/java/:retrofit.MockRetrofitTest$SyncExample","2015-07-14"
"843","/retrofit-mock/src/test/java/:retrofit.MockRetrofitTest$ObservableExample","2015-07-14"
"844","/retrofit-mock/src/test/java/:retrofit.MockRetrofitTest$AsyncCallbackSubtypeExample$Foo","2015-07-14"
"845","/samples/src/main/not_java/SimpleMockService.java:com.example.retrofit.SimpleMockService$MockGitHub","2015-07-14"
"846","/retrofit-mock/src/main/java/:retrofit.MockHttpException","2015-07-14"
"847","/retrofit-mock/src/main/java/:retrofit.MockResponseBody","2015-07-14"
"853","/retrofit-mock/src/main/java/:retrofit.MockCall","2015-07-24"
"854","/retrofit-mock/src/main/java/:retrofit.MockRetrofit","2015-07-24"
"856","/retrofit-converters/simplexml/src/test/java/:retrofit.SimpleXmlConverterTest$Service","2015-08-16"
"857","/retrofit-converters/jackson/src/test/java/:retrofit.JacksonConverterTest$AnImplementation","2015-08-16"
"858","/retrofit-converters/jackson/src/test/java/:retrofit.JacksonConverterTest$AnInterfaceSerializer","2015-08-16"
"859","/retrofit-converters/moshi/src/test/java/:retrofit.MoshiConverterTest$AnInterface","2015-08-16"
"860","/retrofit-converters/simplexml/src/test/java/:retrofit.SimpleXmlConverterTest","2015-08-16"
"861","/retrofit-converters/jackson/src/test/java/:retrofit.JacksonConverterTest","2015-08-16"
"862","/retrofit-converters/wire/src/test/java/:retrofit.WireConverterTest","2015-08-16"
"863","/retrofit-converters/jackson/src/test/java/:retrofit.JacksonConverterTest$AnInterface","2015-08-16"
"864","/retrofit-converters/moshi/src/test/java/:retrofit.MoshiConverterTest$AnImplementation","2015-08-16"
"865","/retrofit-converters/protobuf/src/test/java/:retrofit.ProtoConverterTest$Service","2015-08-16"
"866","/retrofit-converters/moshi/src/test/java/:retrofit.MoshiConverterTest$AnInterfaceAdapter","2015-08-16"
"867","/retrofit-converters/wire/src/test/java/:retrofit.WireConverterTest$Service","2015-08-16"
"868","/retrofit-converters/protobuf/src/test/java/:retrofit.ProtoConverterTest","2015-08-16"
"869","/retrofit-converters/moshi/src/test/java/:retrofit.MoshiConverterTest$Service","2015-08-16"
"870","/retrofit-converters/jackson/src/test/java/:retrofit.JacksonConverterTest$Service","2015-08-16"
"871","/retrofit-converters/jackson/src/test/java/:retrofit.JacksonConverterTest$AnInterfaceDeserializer","2015-08-16"
"872","/retrofit-converters/moshi/src/test/java/:retrofit.MoshiConverterTest","2015-08-16"
"887","/retrofit-mock/src/main/java/:retrofit.mock.Behavior","2015-08-22"
"888","/retrofit-adapters/rxjava/src/main/java/:retrofit.ObservableCallAdapterFactory","2015-08-22"
"889","/retrofit-adapters/rxjava/src/main/java/:retrofit.ObservableCallAdapterFactory$SimpleCallAdapter","2015-08-22"
"890","/retrofit-adapters/rxjava-mock/src/main/java/:retrofit.mock.ObservableBehaviorAdapter","2015-08-22"
"891","/retrofit/src/main/java/:retrofit.RequestBuilder$MediaTypeOverridingRequestBody","2015-08-22"
"892","/retrofit-adapters/rxjava/src/test/java/:retrofit.ObservableCallAdapterFactoryTest$Service","2015-08-22"
"893","/retrofit-adapters/rxjava-mock/src/test/java/:retrofit.mock.ObservableBehaviorAdapterTest","2015-08-22"
"894","/retrofit-adapters/rxjava/src/test/java/:retrofit.ObservableCallAdapterFactoryTest","2015-08-22"
"895","/retrofit-mock/src/test/java/:retrofit.BehaviorTest","2015-08-22"
"896","/retrofit-adapters/rxjava-mock/src/test/java/:retrofit.mock.ObservableBehaviorAdapterTest$DoWorkServ","2015-08-22"
"897","/retrofit-adapters/rxjava/src/main/java/:retrofit.ObservableCallAdapterFactory$ResultCallAdapter","2015-08-22"
"898","/retrofit-adapters/rxjava/src/main/java/:retrofit.ObservableCallAdapterFactory$CallOnSubscribe","2015-08-22"
"899","/retrofit-adapters/rxjava/src/test/java/:retrofit.ObservableCallAdapterFactoryTest$StringConverterFa","2015-08-22"
"900","/retrofit-mock/src/main/java/:retrofit.mock.BehaviorAdapter","2015-08-22"
"901","/retrofit-adapters/rxjava/src/main/java/:retrofit.ObservableCallAdapterFactory$ResponseCallAdapter","2015-08-22"
"902","/retrofit/src/main/java/:retrofit.OkHttpBodyConverterFactory","2015-09-02"
"903","/retrofit-converters/protobuf/src/main/java/:retrofit.ProtoConverter","2015-09-03"
"904","/retrofit-converters/gson/src/main/java/:retrofit.GsonConverter","2015-09-03"
"905","/retrofit-converters/wire/src/main/java/:retrofit.WireConverter","2015-09-03"
"906","/retrofit/src/test/java/:retrofit.RetrofitTest$CustomConverter","2015-09-03"
"907","/retrofit-converters/moshi/src/main/java/:retrofit.MoshiConverter","2015-09-03"
"908","/retrofit-converters/jackson/src/main/java/:retrofit.JacksonConverter","2015-09-03"
"909","/retrofit/src/test/java/:retrofit.ToStringConverterFactory$StringConverter","2015-09-03"
"910","/retrofit-converters/simplexml/src/main/java/:retrofit.SimpleXmlConverter","2015-09-03"
"918","/retrofit/src/main/java/:retrofit.ExceptionCatchingRequestBody","2015-09-26"
"919","/retrofit/src/main/java/:retrofit.OkHttpResponseBodyConverter","2015-09-26"
"920","/retrofit/src/main/java/:retrofit.NoContentResponseBody","2015-09-26"
"921","/retrofit/src/main/java/:retrofit.BuiltInConverterFactory","2015-09-26"
"922","/retrofit/src/main/java/:retrofit.OkHttpRequestBodyConverter","2015-09-26"
"923","/retrofit/src/main/java/:retrofit.VoidConverter","2015-09-26"
"925","/retrofit/src/main/java/:retrofit.RequestBuilderAction$PartMap","2015-11-16"
"926","/retrofit/src/main/java/:retrofit.RequestBuilderAction$Path","2015-11-16"
"927","/retrofit/src/main/java/:retrofit.RequestBuilderAction$Part","2015-11-16"
"928","/retrofit/src/main/java/:retrofit.RequestBuilderAction$Query","2015-11-16"
"929","/retrofit/src/main/java/:retrofit.RequestBuilderAction$Header","2015-11-16"
"930","/retrofit/src/main/java/:retrofit.RequestBuilderAction$FieldMap","2015-11-16"
"931","/retrofit/src/main/java/:retrofit.RequestBuilderAction$Body","2015-11-16"
"932","/retrofit/src/main/java/:retrofit.RequestBuilderAction$Url","2015-11-16"
"933","/retrofit/src/main/java/:retrofit.RequestBuilderAction$Field","2015-11-16"
"934","/retrofit/src/main/java/:retrofit.RequestBuilderAction$QueryMap","2015-11-16"
"935","/retrofit/src/main/java/:retrofit.RequestBuilderAction","2015-11-16"
"940","/retrofit/src/main/java/:retrofit.ExecutorCallAdapterFactory$ExecutorCallback","2015-11-19"
"941","/retrofit/src/main/java/:retrofit.BuiltInConverters$VoidConverter","2015-11-19"
"942","/retrofit/src/main/java/:retrofit.BuiltInConverters$OkHttpRequestBodyConverter","2015-11-19"
"943","/retrofit/src/main/java/:retrofit.BuiltInConverters$OkHttpResponseBodyConverter","2015-11-19"
"944","/retrofit/src/test/java/:retrofit.RetrofitTest$Unresolvable","2015-11-19"
"947","/retrofit-mock/src/test/java/:retrofit.MockRetrofitTest$DoWorkService","2015-11-25"
"948","/retrofit-mock/src/test/java/:retrofit.MockRetrofitTest","2015-11-25"
"949","/retrofit-mock/src/test/java/:retrofit.NetworkBehaviorTest","2015-11-25"
"950","/retrofit-converters/gson/src/test/java/:retrofit.GsonConverterFactoryTest$AnInterfaceAdapter","2015-12-04"
"951","/retrofit-adapters/rxjava-mock/src/main/java/:retrofit.mock.RxJavaBehaviorAdapter","2015-12-04"
"952","/retrofit-converters/scalars/src/test/java/:retrofit.ScalarsConverterFactoryTest","2015-12-04"
"953","/retrofit-converters/wire/src/main/java/:retrofit.WireConverterFactory","2015-12-04"
"954","/retrofit-mock/src/test/java/:retrofit.mock.MockRetrofitTest$DoWorkService","2015-12-04"
"955","/retrofit-converters/wire/src/test/java/:retrofit.Phone","2015-12-04"
"956","/retrofit-converters/moshi/src/main/java/:retrofit.MoshiResponseBodyConverter","2015-12-04"
"957","/retrofit-converters/jackson/src/test/java/:retrofit.JacksonConverterFactoryTest$Service","2015-12-04"
"958","/retrofit/src/main/java/:retrofit.Callback","2015-12-04"
"959","/retrofit/src/main/java/:retrofit.Response","2015-12-04"
"960","/retrofit-converters/gson/src/test/java/:retrofit.GsonConverterFactoryTest","2015-12-04"
"961","/retrofit-adapters/rxjava/src/main/java/:retrofit.RxJavaCallAdapterFactory$ResponseCallAdapter","2015-12-04"
"962","/retrofit-converters/moshi/src/test/java/:retrofit.MoshiConverterFactoryTest$AnInterfaceAdapter","2015-12-04"
"963","/retrofit-converters/gson/src/test/java/:retrofit.GsonConverterFactoryTest$Service","2015-12-04"
"964","/retrofit-converters/protobuf/src/test/java/:retrofit.PhoneProtos","2015-12-04"
"965","/retrofit/src/main/java/:retrofit.RequestAction$Query","2015-12-04"
"966","/retrofit/src/main/java/:retrofit.DefaultCallAdapter","2015-12-04"
"967","/retrofit-converters/simplexml/src/main/java/:retrofit.SimpleXmlResponseBodyConverter","2015-12-04"
"968","/retrofit/src/main/java/:retrofit.RequestFactory","2015-12-04"
"969","/retrofit-converters/moshi/src/main/java/:retrofit.MoshiRequestBodyConverter","2015-12-04"
"970","/retrofit/src/test/java/:retrofit.ExecutorCallAdapterFactoryTest$EmptyCall","2015-12-04"
"971","/retrofit/src/main/java/:retrofit.RequestAction$QueryMap","2015-12-04"
"972","/retrofit/src/test/java/:retrofit.RetrofitTest$FutureMethod","2015-12-04"
"973","/retrofit/src/test/java/:retrofit.CallTest","2015-12-04"
"974","/retrofit/src/main/java/:retrofit.Platform$Android","2015-12-04"
"975","/retrofit/src/main/java/:retrofit.RequestAction$Field","2015-12-04"
"976","/retrofit/src/main/java/:retrofit.CallAdapter","2015-12-04"
"977","/retrofit-converters/moshi/src/main/java/:retrofit.MoshiConverterFactory","2015-12-04"
"978","/retrofit-converters/protobuf/src/main/java/:retrofit.ProtoConverterFactory","2015-12-04"
"979","/retrofit-converters/gson/src/main/java/:retrofit.GsonConverterFactory","2015-12-04"
"980","/retrofit-converters/moshi/src/test/java/:retrofit.MoshiConverterFactoryTest$Service","2015-12-04"
"981","/retrofit-converters/wire/src/test/java/:retrofit.Phone$Builder","2015-12-04"
"982","/retrofit-converters/wire/src/main/java/:retrofit.WireRequestBodyConverter","2015-12-04"
"983","/retrofit/src/test/java/:retrofit.ToStringConverterFactory","2015-12-04"
"984","/retrofit-adapters/rxjava-mock/src/test/java/:retrofit.mock.RxJavaBehaviorAdapterTest$DoWorkService","2015-12-04"
"985","/retrofit/src/test/java/:retrofit.RequestFactoryParserTest","2015-12-04"
"986","/retrofit-converters/gson/src/main/java/:retrofit.GsonRequestBodyConverter","2015-12-04"
"987","/retrofit/src/test/java/:retrofit.ExecutorCallAdapterFactoryTest","2015-12-04"
"988","/retrofit-converters/moshi/src/test/java/:retrofit.MoshiConverterFactoryTest$AnInterface","2015-12-04"
"989","/retrofit-adapters/rxjava/src/main/java/:retrofit.HttpException","2015-12-04"
"990","/retrofit/src/main/java/:retrofit.RequestFactoryParser","2015-12-04"
"991","/retrofit/src/test/java/:retrofit.RetrofitTest$UnresolvableParameterType","2015-12-04"
"992","/retrofit-mock/src/main/java/:retrofit.mock.Calls","2015-12-04"
"993","/retrofit-adapters/rxjava/src/main/java/:retrofit.RxJavaCallAdapterFactory","2015-12-04"
"994","/retrofit/src/main/java/:retrofit.Converter$Factory","2015-12-04"
"995","/retrofit-converters/jackson/src/main/java/:retrofit.JacksonConverterFactory","2015-12-04"
"996","/retrofit-converters/simplexml/src/test/java/:retrofit.SimpleXmlConverterFactoryTest$Service","2015-12-04"
"997","/retrofit-converters/scalars/src/test/java/:retrofit.ScalarsConverterFactoryTest$Service","2015-12-04"
"998","/retrofit-adapters/rxjava/src/main/java/:retrofit.SingleHelper","2015-12-04"
"999","/retrofit/src/main/java/:retrofit.RequestAction$Path","2015-12-04"
"1000","/retrofit-mock/src/main/java/:retrofit.mock.BehaviorCall","2015-12-04"
"1001","/retrofit/src/main/java/:retrofit.RequestAction$FieldMap","2015-12-04"
"1002","/retrofit-converters/protobuf/src/test/java/:retrofit.PhoneProtos$PhoneOrBuilder","2015-12-04"
"1003","/retrofit/src/main/java/:retrofit.BuiltInConverters$VoidResponseBodyConverter","2015-12-04"
"1004","/retrofit/src/main/java/:retrofit.RequestAction$Part","2015-12-04"
"1005","/retrofit/src/main/java/:retrofit.BuiltInConverters$StringConverter","2015-12-04"
"1006","/retrofit-converters/protobuf/src/test/java/:retrofit.ProtoConverterFactoryTest$Service","2015-12-04"
"1007","/retrofit/src/main/java/:retrofit.Platform$Android$MainThreadExecutor","2015-12-04"
"1008","/retrofit/src/main/java/:retrofit.BuiltInConverters$RequestBodyConverter","2015-12-04"
"1009","/retrofit/src/main/java/:retrofit.BaseUrl","2015-12-04"
"1010","/retrofit-converters/protobuf/src/test/java/:retrofit.PhoneProtos$Phone","2015-12-04"
"1011","/retrofit/src/test/java/:retrofit.RetrofitTest$VoidService","2015-12-04"
"1012","/retrofit-adapters/rxjava/src/test/java/:retrofit.ResultTest","2015-12-04"
"1013","/retrofit/src/main/java/:retrofit.RequestBuilder","2015-12-04"
"1014","/retrofit/src/main/java/:retrofit.OkHttpCall$NoContentResponseBody","2015-12-04"
"1015","/retrofit/src/test/java/:retrofit.RetrofitTest$UnresolvableResponseType","2015-12-04"
"1016","/retrofit-adapters/rxjava/src/main/java/:retrofit.RxJavaCallAdapterFactory$ResultCallAdapter","2015-12-04"
"1017","/retrofit-converters/gson/src/test/java/:retrofit.GsonConverterFactoryTest$AnImplementation","2015-12-04"
"1018","/retrofit-converters/moshi/src/test/java/:retrofit.MoshiConverterFactoryTest","2015-12-04"
"1019","/retrofit/src/main/java/:retrofit.Converter","2015-12-04"
"1020","/retrofit/src/test/java/:retrofit.RetrofitTest$CallMethod","2015-12-04"
"1021","/retrofit-converters/protobuf/src/main/java/:retrofit.ProtoRequestBodyConverter","2015-12-04"
"1022","/retrofit/src/main/java/:retrofit.OkHttpCall$ExceptionCatchingRequestBody","2015-12-04"
"1023","/retrofit-adapters/rxjava/src/test/java/:retrofit.RxJavaCallAdapterFactoryTest$StringConverterFactor","2015-12-04"
"1024","/retrofit/src/test/java/:retrofit.RetrofitTest","2015-12-04"
"1025","/retrofit-converters/moshi/src/test/java/:retrofit.MoshiConverterFactoryTest$AnImplementation","2015-12-04"
"1026","/retrofit-converters/scalars/src/main/java/:retrofit.ScalarsConverterFactory","2015-12-04"
"1027","/retrofit/src/test/java/:retrofit.CallTest$Service","2015-12-04"
"1028","/retrofit-converters/simplexml/src/main/java/:retrofit.SimpleXmlConverterFactory","2015-12-04"
"1029","/retrofit-mock/src/main/java/:retrofit.mock.NetworkBehavior$Adapter","2015-12-04"
"1030","/retrofit-adapters/rxjava/src/main/java/:retrofit.RxJavaCallAdapterFactory$SimpleCallAdapter","2015-12-04"
"1031","/retrofit-converters/protobuf/src/test/java/:retrofit.PhoneProtos$Phone$Builder","2015-12-04"
"1032","/retrofit-mock/src/test/java/:retrofit.mock.NetworkBehaviorTest","2015-12-04"
"1033","/retrofit-converters/scalars/src/main/java/:retrofit.ScalarRequestBodyConverter","2015-12-04"
"1034","/retrofit-adapters/rxjava/src/main/java/:retrofit.RxJavaCallAdapterFactory$CallOnSubscribe","2015-12-04"
"1035","/retrofit-converters/jackson/src/test/java/:retrofit.JacksonConverterFactoryTest$AnInterfaceDeserial","2015-12-04"
"1036","/retrofit-adapters/rxjava/src/test/java/:retrofit.RxJavaCallAdapterFactoryTest","2015-12-04"
"1037","/retrofit/src/main/java/:retrofit.RequestAction$Header","2015-12-04"
"1038","/retrofit/src/main/java/:retrofit.OkHttpCall","2015-12-04"
"1039","/retrofit-converters/simplexml/src/test/java/:retrofit.MyObject","2015-12-04"
"1040","/retrofit/src/test/java/:retrofit.TestingUtils","2015-12-04"
"1041","/retrofit/src/main/java/:retrofit.Platform$Java8","2015-12-04"
"1042","/retrofit/src/main/java/:retrofit.Retrofit$Builder","2015-12-04"
"1043","/retrofit/src/main/java/:retrofit.BuiltInConverters$ToStringConverter","2015-12-04"
"1044","/retrofit/src/test/java/:retrofit.RetrofitTest$Extending","2015-12-04"
"1045","/retrofit/src/main/java/:retrofit.RequestAction","2015-12-04"
"1046","/retrofit/src/main/java/:retrofit.ExecutorCallAdapterFactory","2015-12-04"
"1047","/retrofit-converters/jackson/src/main/java/:retrofit.JacksonRequestBodyConverter","2015-12-04"
"1048","/retrofit/src/main/java/:retrofit.RequestBuilder$ContentTypeOverridingRequestBody","2015-12-04"
"1049","/retrofit-converters/simplexml/src/test/java/:retrofit.SimpleXmlConverterFactoryTest","2015-12-04"
"1050","/retrofit-converters/wire/src/main/java/:retrofit.WireResponseBodyConverter","2015-12-04"
"1051","/retrofit-converters/jackson/src/main/java/:retrofit.JacksonResponseBodyConverter","2015-12-04"
"1052","/retrofit/src/main/java/:retrofit.MethodHandler","2015-12-04"
"1053","/retrofit/src/test/java/:retrofit.ResponseTest","2015-12-04"
"1054","/retrofit/src/test/java/:retrofit.RequestBuilderTest","2015-12-04"
"1055","/retrofit-adapters/rxjava-mock/src/test/java/:retrofit.mock.RxJavaBehaviorAdapterTest","2015-12-04"
"1056","/retrofit/src/main/java/:retrofit.BuiltInConverters$StreamingResponseBodyConverter","2015-12-04"
"1057","/retrofit/src/main/java/:retrofit.BuiltInConverters$BufferingResponseBodyConverter","2015-12-04"
"1058","/retrofit-adapters/rxjava/src/main/java/:retrofit.Result","2015-12-04"
"1059","/retrofit-converters/jackson/src/test/java/:retrofit.JacksonConverterFactoryTest$AnInterfaceSerializ","2015-12-04"
"1060","/retrofit-converters/simplexml/src/main/java/:retrofit.SimpleXmlRequestBodyConverter","2015-12-04"
"1061","/retrofit/src/main/java/:retrofit.CallAdapter$Factory","2015-12-04"
"1062","/retrofit-converters/protobuf/src/main/java/:retrofit.ProtoResponseBodyConverter","2015-12-04"
"1063","/retrofit/src/main/java/:retrofit.BuiltInConverters","2015-12-04"
"1064","/retrofit-converters/jackson/src/test/java/:retrofit.JacksonConverterFactoryTest","2015-12-04"
"1065","/retrofit-mock/src/main/java/:retrofit.mock.CallBehaviorAdapter","2015-12-04"
"1066","/retrofit/src/main/java/:retrofit.ExecutorCallAdapterFactory$ExecutorCallbackCall","2015-12-04"
"1067","/retrofit/src/main/java/:retrofit.Platform","2015-12-04"
"1068","/retrofit-converters/jackson/src/test/java/:retrofit.JacksonConverterFactoryTest$AnImplementation","2015-12-04"
"1069","/retrofit/src/main/java/:retrofit.Call","2015-12-04"
"1070","/retrofit/src/main/java/:retrofit.Retrofit","2015-12-04"
"1071","/retrofit-mock/src/main/java/:retrofit.mock.MockRetrofit","2015-12-04"
"1072","/retrofit/src/main/java/:retrofit.Utils","2015-12-04"
"1073","/retrofit-converters/jackson/src/test/java/:retrofit.JacksonConverterFactoryTest$AnInterface","2015-12-04"
"1074","/retrofit-adapters/rxjava-mock/src/main/java/:retrofit.mock.SingleHelper","2015-12-04"
"1075","/retrofit/src/main/java/:retrofit.RequestAction$PartMap","2015-12-04"
"1076","/retrofit-converters/protobuf/src/test/java/:retrofit.ProtoConverterFactoryTest","2015-12-04"
"1077","/retrofit-converters/gson/src/main/java/:retrofit.GsonResponseBodyConverter","2015-12-04"
"1078","/retrofit/src/main/java/:retrofit.RequestAction$Url","2015-12-04"
"1079","/retrofit-converters/wire/src/test/java/:retrofit.WireConverterFactoryTest","2015-12-04"
"1080","/retrofit/src/main/java/:retrofit.RequestAction$Body","2015-12-04"
"1081","/retrofit-mock/src/test/java/:retrofit.mock.MockRetrofitTest","2015-12-04"
"1082","/retrofit-converters/wire/src/test/java/:retrofit.WireConverterFactoryTest$Service","2015-12-04"
"1083","/retrofit-converters/gson/src/test/java/:retrofit.GsonConverterFactoryTest$AnInterface","2015-12-04"
"1084","/retrofit-mock/src/main/java/:retrofit.mock.NetworkBehavior","2015-12-04"
"1085","/retrofit/src/test/java/:retrofit.RetrofitTest$StringService","2015-12-04"
"1086","/retrofit-adapters/rxjava/src/test/java/:retrofit.RxJavaCallAdapterFactoryTest$Service","2015-12-04"
"1087","/retrofit/src/test/java/:retrofit.RetrofitTest$Annotated","2015-12-04"
"1205","/retrofit-adapters/rxjava-mock/src/main/java/:retrofit2.mock.RxJavaBehaviorAdapter","2015-12-05"
"1206","/retrofit-adapters/rxjava-mock/src/test/java/:retrofit2.mock.RxJavaBehaviorAdapterTest$DoWorkService","2015-12-05"
"1207","/retrofit-adapters/rxjava-mock/src/test/java/:retrofit2.mock.RxJavaBehaviorAdapterTest","2015-12-05"
"1208","/retrofit-mock/src/main/java/:retrofit2.mock.CallBehaviorAdapter","2015-12-05"
"1209","/retrofit-adapters/rxjava-mock/src/main/java/:retrofit2.mock.SingleHelper","2015-12-05"
"1212","/retrofit-mock/src/test/java/:retrofit2.mock.MockRetrofitTest$DoWorkService","2015-12-21"
"1213","/retrofit/src/main/java/:retrofit2.OkHttpCallFactory","2015-12-23"
"1214","/retrofit/src/main/java/:retrofit2.Call$Factory","2015-12-23"
"1215","/retrofit/src/main/java/:retrofit2.DeferredRequest","2015-12-23"
"1216","/retrofit/src/main/java/:retrofit2.RequestAction$Url","2016-01-05"
"1217","/retrofit/src/test/java/:retrofit2.ToStringConverterFactory","2016-01-24"
"1218","/retrofit/src/main/java/:retrofit2.DefaultCallAdapter","2016-01-24"
"1220","/retrofit-adapters/rxjava/src/main/java/:retrofit2.SingleHelper","2016-01-25"
"1221","/samples/src/main/java/:com.example.retrofit.CustomCallAdapter$Ip","2016-01-25"
"1222","/retrofit-adapters/rxjava/src/main/java/:retrofit2.RxJavaCallAdapterFactory$SimpleCallAdapter","2016-01-25"
"1223","/retrofit-adapters/rxjava/src/main/java/:retrofit2.RxJavaCallAdapterFactory$ResponseCallAdapter","2016-01-25"
"1224","/retrofit-adapters/rxjava/src/main/java/:retrofit2.Result","2016-01-25"
"1225","/retrofit-adapters/rxjava/src/main/java/:retrofit2.RxJavaCallAdapterFactory$CallOnSubscribe","2016-01-25"
"1226","/samples/src/main/java/:com.example.retrofit.CustomCallAdapter$HttpBinService","2016-01-25"
"1227","/retrofit-adapters/rxjava/src/test/java/:retrofit2.RxJavaCallAdapterFactoryTest","2016-01-25"
"1228","/retrofit-adapters/rxjava/src/test/java/:retrofit2.ResultTest","2016-01-25"
"1229","/samples/src/main/java/:com.example.retrofit.CustomCallAdapter$ListenableFutureCallAdapterFactory$Ca","2016-01-25"
"1230","/retrofit-adapters/rxjava/src/main/java/:retrofit2.RxJavaCallAdapterFactory","2016-01-25"
"1231","/retrofit-adapters/rxjava/src/test/java/:retrofit2.RxJavaCallAdapterFactoryTest$Service","2016-01-25"
"1232","/retrofit-adapters/rxjava/src/test/java/:retrofit2.RxJavaCallAdapterFactoryTest$StringConverterFacto","2016-01-25"
"1233","/samples/src/main/java/:com.example.retrofit.CustomCallAdapter","2016-01-25"
"1234","/retrofit-adapters/rxjava/src/main/java/:retrofit2.HttpException","2016-01-25"
"1235","/retrofit-adapters/rxjava/src/main/java/:retrofit2.RxJavaCallAdapterFactory$ResultCallAdapter","2016-01-25"
"1236","/samples/src/main/java/:com.example.retrofit.CustomCallAdapter$ListenableFutureCallAdapterFactory","2016-01-25"
"1251","/retrofit-converters/moshi/src/test/java/:retrofit2.MoshiConverterFactoryTest$Service","2016-01-26"
"1252","/retrofit-converters/simplexml/src/main/java/:retrofit2.SimpleXmlRequestBodyConverter","2016-01-26"
"1253","/retrofit-converters/moshi/src/main/java/:retrofit2.MoshiResponseBodyConverter","2016-01-26"
"1254","/retrofit-converters/jackson/src/test/java/:retrofit2.JacksonConverterFactoryTest$Service","2016-01-26"
"1255","/retrofit-converters/scalars/src/test/java/:retrofit2.ScalarsConverterFactoryTest$Service","2016-01-26"
"1256","/retrofit-converters/scalars/src/main/java/:retrofit2.ScalarResponseBodyConverters$LongResponseBodyC","2016-01-26"
"1257","/retrofit-converters/moshi/src/test/java/:retrofit2.MoshiConverterFactoryTest$AnInterface","2016-01-26"
"1258","/retrofit-converters/scalars/src/main/java/:retrofit2.ScalarResponseBodyConverters$StringResponseBod","2016-01-26"
"1259","/retrofit-converters/moshi/src/test/java/:retrofit2.MoshiConverterFactoryTest$AnInterfaceAdapter","2016-01-26"
"1260","/retrofit-converters/simplexml/src/test/java/:retrofit2.MyObject","2016-01-26"
"1261","/retrofit-converters/wire/src/test/java/:retrofit2.Phone$ProtoAdapter_Phone","2016-01-26"
"1262","/retrofit-converters/wire/src/test/java/:retrofit2.Phone$Builder","2016-01-26"
"1263","/retrofit-converters/protobuf/src/test/java/:retrofit2.PhoneProtos","2016-01-26"
"1264","/retrofit-converters/simplexml/src/test/java/:retrofit2.SimpleXmlConverterFactoryTest","2016-01-26"
"1265","/retrofit-converters/protobuf/src/test/java/:retrofit2.PhoneProtos$Phone$Builder","2016-01-26"
"1266","/retrofit-converters/scalars/src/main/java/:retrofit2.ScalarResponseBodyConverters$ShortResponseBody","2016-01-26"
"1267","/retrofit-converters/scalars/src/test/java/:retrofit2.ScalarsConverterFactoryTest","2016-01-26"
"1268","/retrofit-converters/wire/src/test/java/:retrofit2.WireConverterFactoryTest","2016-01-26"
"1269","/retrofit-converters/moshi/src/main/java/:retrofit2.MoshiRequestBodyConverter","2016-01-26"
"1270","/retrofit-converters/moshi/src/test/java/:retrofit2.MoshiConverterFactoryTest$AnImplementation","2016-01-26"
"1271","/retrofit-converters/protobuf/src/test/java/:retrofit2.PhoneProtos$Phone","2016-01-26"
"1272","/retrofit-converters/simplexml/src/main/java/:retrofit2.SimpleXmlConverterFactory","2016-01-26"
"1273","/retrofit-converters/gson/src/test/java/:retrofit2.GsonConverterFactoryTest$Service","2016-01-26"
"1274","/retrofit-converters/scalars/src/main/java/:retrofit2.ScalarResponseBodyConverters$IntegerResponseBo","2016-01-26"
"1275","/retrofit-converters/protobuf/src/test/java/:retrofit2.PhoneProtos$PhoneOrBuilder","2016-01-26"
"1276","/retrofit-converters/wire/src/main/java/:retrofit2.WireConverterFactory","2016-01-26"
"1277","/retrofit-converters/jackson/src/main/java/:retrofit2.JacksonRequestBodyConverter","2016-01-26"
"1278","/retrofit-converters/protobuf/src/test/java/:retrofit2.ProtoConverterFactoryTest$Service","2016-01-26"
"1279","/retrofit-converters/scalars/src/main/java/:retrofit2.ScalarResponseBodyConverters$BooleanResponseBo","2016-01-26"
"1280","/retrofit-converters/jackson/src/main/java/:retrofit2.JacksonConverterFactory","2016-01-26"
"1281","/retrofit-converters/scalars/src/main/java/:retrofit2.ScalarRequestBodyConverter","2016-01-26"
"1282","/retrofit-converters/scalars/src/main/java/:retrofit2.ScalarResponseBodyConverters$CharacterResponse","2016-01-26"
"1283","/retrofit-converters/gson/src/test/java/:retrofit2.GsonConverterFactoryTest$AnInterfaceAdapter","2016-01-26"
"1284","/retrofit-converters/simplexml/src/main/java/:retrofit2.SimpleXmlResponseBodyConverter","2016-01-26"
"1285","/retrofit-converters/protobuf/src/main/java/:retrofit2.ProtoRequestBodyConverter","2016-01-26"
"1286","/retrofit-converters/protobuf/src/main/java/:retrofit2.ProtoConverterFactory","2016-01-26"
"1287","/retrofit-converters/wire/src/test/java/:retrofit2.Phone","2016-01-26"
"1288","/retrofit-converters/scalars/src/main/java/:retrofit2.ScalarResponseBodyConverters$ByteResponseBodyC","2016-01-26"
"1289","/retrofit-converters/gson/src/test/java/:retrofit2.GsonConverterFactoryTest","2016-01-26"
"1290","/retrofit-converters/jackson/src/test/java/:retrofit2.JacksonConverterFactoryTest$AnInterfaceDeseria","2016-01-26"
"1291","/retrofit-converters/gson/src/main/java/:retrofit2.GsonConverterFactory","2016-01-26"
"1292","/retrofit-converters/jackson/src/test/java/:retrofit2.JacksonConverterFactoryTest$AnInterfaceSeriali","2016-01-26"
"1293","/retrofit-converters/scalars/src/main/java/:retrofit2.ScalarResponseBodyConverters$FloatResponseBody","2016-01-26"
"1294","/retrofit-converters/gson/src/main/java/:retrofit2.GsonRequestBodyConverter","2016-01-26"
"1295","/retrofit-converters/scalars/src/main/java/:retrofit2.ScalarResponseBodyConverters","2016-01-26"
"1296","/retrofit-converters/moshi/src/test/java/:retrofit2.MoshiConverterFactoryTest","2016-01-26"
"1297","/retrofit-converters/wire/src/main/java/:retrofit2.WireResponseBodyConverter","2016-01-26"
"1298","/retrofit-converters/jackson/src/test/java/:retrofit2.JacksonConverterFactoryTest$AnImplementation","2016-01-26"
"1299","/retrofit-converters/simplexml/src/test/java/:retrofit2.SimpleXmlConverterFactoryTest$Service","2016-01-26"
"1300","/retrofit-converters/gson/src/test/java/:retrofit2.GsonConverterFactoryTest$AnInterface","2016-01-26"
"1301","/retrofit-converters/jackson/src/test/java/:retrofit2.JacksonConverterFactoryTest$AnInterface","2016-01-26"
"1302","/retrofit-converters/gson/src/main/java/:retrofit2.GsonResponseBodyConverter","2016-01-26"
"1303","/retrofit-converters/wire/src/test/java/:retrofit2.WireConverterFactoryTest$Service","2016-01-26"
"1304","/retrofit-converters/scalars/src/main/java/:retrofit2.ScalarResponseBodyConverters$DoubleResponseBod","2016-01-26"
"1305","/retrofit-converters/jackson/src/test/java/:retrofit2.JacksonConverterFactoryTest","2016-01-26"
"1306","/retrofit-converters/jackson/src/main/java/:retrofit2.JacksonResponseBodyConverter","2016-01-26"
"1307","/retrofit-converters/wire/src/main/java/:retrofit2.WireRequestBodyConverter","2016-01-26"
"1308","/retrofit-converters/protobuf/src/main/java/:retrofit2.ProtoResponseBodyConverter","2016-01-26"
"1309","/retrofit-converters/scalars/src/main/java/:retrofit2.ScalarsConverterFactory","2016-01-26"
"1310","/retrofit-converters/moshi/src/main/java/:retrofit2.MoshiConverterFactory","2016-01-26"
"1311","/retrofit-converters/protobuf/src/test/java/:retrofit2.ProtoConverterFactoryTest","2016-01-26"
"1312","/retrofit-converters/gson/src/test/java/:retrofit2.GsonConverterFactoryTest$AnImplementation","2016-01-26"
"1314","/retrofit/src/main/java/:retrofit2.RequestAction$Body","2016-03-06"
"1315","/retrofit/src/main/java/:retrofit2.RequestAction$Header","2016-03-06"
"1316","/retrofit/src/main/java/:retrofit2.RequestAction$Field","2016-03-06"
"1317","/retrofit/src/main/java/:retrofit2.Types$ParameterizedTypeImpl","2016-03-06"
"1318","/retrofit/src/main/java/:retrofit2.RequestAction$FieldMap","2016-03-06"
"1319","/retrofit/src/main/java/:retrofit2.RequestAction$AndroidUriUrl","2016-03-06"
"1320","/retrofit/src/main/java/:retrofit2.Types$GenericArrayTypeImpl","2016-03-06"
"1321","/retrofit/src/main/java/:retrofit2.RequestFactoryParser","2016-03-06"
"1322","/retrofit/src/main/java/:retrofit2.RequestFactory","2016-03-06"
"1323","/retrofit/src/main/java/:retrofit2.RequestAction$Part","2016-03-06"
"1324","/retrofit/src/main/java/:retrofit2.RequestAction","2016-03-06"
"1325","/retrofit/src/main/java/:retrofit2.MethodHandler","2016-03-06"
"1326","/retrofit/src/main/java/:retrofit2.RequestAction$StringUrl","2016-03-06"
"1327","/retrofit/src/main/java/:retrofit2.RequestAction$Path","2016-03-06"
"1328","/retrofit/src/main/java/:retrofit2.RequestAction$Query","2016-03-06"
"1329","/retrofit/src/main/java/:retrofit2.RequestAction$PartMap","2016-03-06"
"1330","/retrofit/src/main/java/:retrofit2.RequestAction$JavaUriUrl","2016-03-06"
"1331","/retrofit/src/main/java/:retrofit2.Types","2016-03-06"
"1332","/retrofit/src/main/java/:retrofit2.Types$WildcardTypeImpl","2016-03-06"
"1333","/retrofit/src/test/java/:retrofit2.RequestFactoryParserTest","2016-03-06"
"1334","/retrofit/src/main/java/:retrofit2.RequestAction$QueryMap","2016-03-06"
"1345","/retrofit/src/main/java/:retrofit2.BaseUrl","2016-03-07"
"1346","/retrofit/src/main/java/:retrofit2.BaseUrl","2016-03-07"
"1348","/retrofit/src/main/java/:retrofit2.ParameterHandler$JavaUriUrl","2016-03-14"
"1349","/retrofit/src/main/java/:retrofit2.ParameterHandler$StringUrl","2016-03-14"
"1350","/retrofit/src/main/java/:retrofit2.ParameterHandler$AndroidUriUrl","2016-03-14"
"1351","/retrofit-converters/moshi/src/test/java/:retrofit2.converter.moshi.MoshiConverterFactoryTest$AnInte","2016-06-06"
"1352","/retrofit/src/main/java/:retrofit2.BuiltInConverters$StringConverter","2016-06-26"
"1353","/retrofit-adapters/rxjava/src/test/java/:retrofit2.adapter.rxjava.SingleSchedulerTest$Service","2016-08-16"
"1354","/retrofit-adapters/rxjava/src/test/java/:retrofit2.adapter.rxjava.CompletableSchedulerTest$Service","2016-08-16"
"1355","/retrofit-adapters/rxjava/src/test/java/:retrofit2.adapter.rxjava.CompletableSchedulerTest","2016-08-16"
"1356","/retrofit-adapters/rxjava/src/test/java/:retrofit2.adapter.rxjava.ObservableSchedulerTest","2016-08-16"
"1357","/retrofit-adapters/rxjava/src/test/java/:retrofit2.adapter.rxjava.SingleSchedulerTest","2016-08-16"
"1358","/retrofit-adapters/rxjava/src/test/java/:retrofit2.adapter.rxjava.ObservableSchedulerTest$Service","2016-08-16"
"1360","/retrofit-adapters/rxjava/src/main/java/:retrofit2.adapter.rxjava.RxJavaCallAdapterFactory$ResponseC","2016-08-17"
"1361","/retrofit-adapters/rxjava/src/main/java/:retrofit2.adapter.rxjava.RxJavaCallAdapterFactory$SimpleCal","2016-08-17"
"1362","/retrofit-adapters/rxjava/src/main/java/:retrofit2.adapter.rxjava.SingleHelper","2016-08-17"
"1363","/retrofit-adapters/rxjava/src/main/java/:retrofit2.adapter.rxjava.CompletableHelper","2016-08-17"
"1364","/retrofit-adapters/rxjava/src/main/java/:retrofit2.adapter.rxjava.RxJavaCallAdapterFactory$RequestAr","2016-08-17"
"1365","/retrofit-adapters/rxjava/src/main/java/:retrofit2.adapter.rxjava.CompletableHelper$CompletableCallA","2016-08-17"
"1366","/retrofit-adapters/rxjava/src/main/java/:retrofit2.adapter.rxjava.CompletableHelper$CompletableCallO","2016-08-17"
"1367","/retrofit-adapters/rxjava/src/main/java/:retrofit2.adapter.rxjava.OperatorMapResponseToBodyOrError","2016-08-17"
"1368","/retrofit-adapters/rxjava/src/main/java/:retrofit2.adapter.rxjava.RxJavaCallAdapterFactory$CallOnSub","2016-08-17"
"1369","/retrofit-adapters/rxjava/src/main/java/:retrofit2.adapter.rxjava.RxJavaCallAdapterFactory$ResultCal","2016-08-17"
"1375","/retrofit-adapters/rxjava/src/main/java/:retrofit2.adapter.rxjava.ResultOnSubscribe","2016-09-17"
"1376","/samples/src/main/java/:com.example.retrofit.ErrorHandlingCallAdapter","2016-09-17"
"1377","/samples/src/main/java/:com.example.retrofit.ErrorHandlingCallAdapter$MyCallAdapter","2016-09-17"
"1378","/retrofit-adapters/rxjava/src/main/java/:retrofit2.adapter.rxjava.RxJavaCallAdapter$SingleHelper","2016-09-17"
"1379","/retrofit-adapters/rxjava/src/main/java/:retrofit2.adapter.rxjava.CallOnSubscribe$CallArbiter","2016-09-17"
"1380","/retrofit-adapters/rxjava/src/main/java/:retrofit2.adapter.rxjava.BodyOnSubscribe$BodySubscriber","2016-09-17"
"1381","/samples/src/main/java/:com.example.retrofit.ErrorHandlingCallAdapter$HttpBinService","2016-09-17"
"1382","/samples/src/main/java/:com.example.retrofit.ErrorHandlingCallAdapter$MyCall","2016-09-17"
"1383","/samples/src/main/java/:com.example.retrofit.ErrorHandlingCallAdapter$MyCallback","2016-09-17"
"1384","/samples/src/main/java/:com.example.retrofit.ErrorHandlingCallAdapter$Ip","2016-09-17"
"1385","/retrofit-adapters/rxjava/src/main/java/:retrofit2.adapter.rxjava.ResultOnSubscribe$ResultSubscriber","2016-09-17"
"1386","/samples/src/main/java/:com.example.retrofit.ErrorHandlingCallAdapter$ErrorHandlingCallAdapterFactor","2016-09-17"
"1387","/retrofit-adapters/rxjava/src/main/java/:retrofit2.adapter.rxjava.CallOnSubscribe","2016-09-17"
"1388","/retrofit-adapters/rxjava/src/main/java/:retrofit2.adapter.rxjava.BodyOnSubscribe","2016-09-17"
"1390","/retrofit/src/main/java/:retrofit2.Platform$IOS$MainThreadExecutor","2016-11-22"
"1391","/retrofit/src/main/java/:retrofit2.Platform$IOS","2016-11-22"
"1393","/retrofit-adapters/rxjava/src/main/java/:retrofit2.adapter.rxjava.BodyCallable","2016-12-07"
"1394","/retrofit-adapters/rxjava/src/main/java/:retrofit2.adapter.rxjava.ResultCallable","2016-12-07"
"1395","/retrofit-adapters/rxjava/src/main/java/:retrofit2.adapter.rxjava.ResponseCallable","2016-12-07"
"1396","/retrofit-adapters/rxjava/src/main/java/:retrofit2.adapter.rxjava.CallOnSubscribe$CallArbiter","2017-01-29"
"1397","/retrofit-adapters/rxjava2/src/main/java/:retrofit2.adapter.rxjava2.CallObservable$CallDisposable","2017-01-29"
"1398","/retrofit-adapters/rxjava/src/main/java/:retrofit2.adapter.rxjava.CallOnSubscribe","2017-01-29"
"1399","/retrofit-adapters/rxjava2/src/main/java/:retrofit2.adapter.rxjava2.CallObservable","2017-01-29"
"1403","/retrofit-mock/src/main/java/:retrofit2.mock.NetworkBehavior$Adapter","2017-01-30"
"1404","/retrofit-adapters/rxjava2/src/test/java/:retrofit2.adapter.rxjava2.HttpExceptionTest","2017-02-13"
"1405","/retrofit-adapters/rxjava/src/test/java/:retrofit2.adapter.rxjava.HttpExceptionTest","2017-02-13"
